Entity,Code,Year,Annual COâ‚‚ emissions
Afghanistan,AFG,2013,9228517
Afghanistan,AFG,2014,9086037
Afghanistan,AFG,2015,9670181
Afghanistan,AFG,2016,8906380
Afghanistan,AFG,2017,9677441
Afghanistan,AFG,2018,10601884
Afghanistan,AFG,2019,10825145
Afghanistan,AFG,2020,11605929
Afghanistan,AFG,2021,10271881
Afghanistan,AFG,2022,10557803
Afghanistan,AFG,2023,11020218
Africa,,2013,1282541800
Africa,,2014,1357348700
Africa,,2015,1332661800
Africa,,2016,1375131500
Africa,,2017,1393216400
Africa,,2018,1386654300
Africa,,2019,1479411800
Africa,,2020,1355782400
Africa,,2021,1441534000
Africa,,2022,1432502900
Africa,,2023,1418739200
Africa (GCP),,2013,1203042200
Africa (GCP),,2014,1284027000
Africa (GCP),,2015,1258512400
Africa (GCP),,2016,1297630500
Africa (GCP),,2017,1309448200
Africa (GCP),,2018,1297579300
Africa (GCP),,2019,1397160800
Africa (GCP),,2020,1301698300
Africa (GCP),,2021,1380769400
Africa (GCP),,2022,1382630400
Africa (GCP),,2023,1370119300
Albania,ALB,2013,5287465
Albania,ALB,2014,5999650
Albania,ALB,2015,4712144
Albania,ALB,2016,4631979
Albania,ALB,2017,5293048
Albania,ALB,2018,4894953
Albania,ALB,2019,4826944
Albania,ALB,2020,4711145
Albania,ALB,2021,5134120
Albania,ALB,2022,5173371
Albania,ALB,2023,5144279
Algeria,DZA,2013,140786380
Algeria,DZA,2014,151282780
Algeria,DZA,2015,160087460
Algeria,DZA,2016,158481630
Algeria,DZA,2017,165173870
Algeria,DZA,2018,172705260
Algeria,DZA,2019,179906580
Algeria,DZA,2020,168177860
Algeria,DZA,2021,179596320
Algeria,DZA,2022,184558080
Algeria,DZA,2023,178132770
Andorra,AND,2013,476320
Andorra,AND,2014,461664
Andorra,AND,2015,465328
Andorra,AND,2016,468992
Andorra,AND,2017,468992
Andorra,AND,2018,498304
Andorra,AND,2019,490976
Andorra,AND,2020,381056
Andorra,AND,2021,410368
Andorra,AND,2022,419561
Andorra,AND,2023,423874
Angola,AGO,2013,25709742
Angola,AGO,2014,26090430
Angola,AGO,2015,27506950
Angola,AGO,2016,25465634
Angola,AGO,2017,23595316
Angola,AGO,2018,23305386
Angola,AGO,2019,22047118
Angola,AGO,2020,16532997
Angola,AGO,2021,19195578
Angola,AGO,2022,20250226
Angola,AGO,2023,20780540
Anguilla,AIA,2013,117248
Anguilla,AIA,2014,120912
Anguilla,AIA,2015,139232
Anguilla,AIA,2016,139232
Anguilla,AIA,2017,128240.01
Anguilla,AIA,2018,131904
Anguilla,AIA,2019,146560
Anguilla,AIA,2020,142896
Anguilla,AIA,2021,142896
Anguilla,AIA,2022,138543
Anguilla,AIA,2023,144530
Antarctica,ATA,2013,0
Antarctica,ATA,2014,0
Antarctica,ATA,2015,0
Antarctica,ATA,2016,0
Antarctica,ATA,2017,0
Antarctica,ATA,2018,0
Antarctica,ATA,2019,0
Antarctica,ATA,2020,0
Antarctica,ATA,2021,0
Antarctica,ATA,2022,0
Antarctica,ATA,2023,0
Antigua and Barbuda,ATG,2013,556928
Antigua and Barbuda,ATG,2014,567920
Antigua and Barbuda,ATG,2015,582576
Antigua and Barbuda,ATG,2016,597232
Antigua and Barbuda,ATG,2017,604560
Antigua and Barbuda,ATG,2018,615552
Antigua and Barbuda,ATG,2019,641200
Antigua and Barbuda,ATG,2020,619216
Antigua and Barbuda,ATG,2021,637536
Antigua and Barbuda,ATG,2022,618115
Antigua and Barbuda,ATG,2023,644826
Argentina,ARG,2013,189537740
Argentina,ARG,2014,188396530
Argentina,ARG,2015,191743840
Argentina,ARG,2016,189920450
Argentina,ARG,2017,186898880
Argentina,ARG,2018,180599310
Argentina,ARG,2019,178508060
Argentina,ARG,2020,165120860
Argentina,ARG,2021,191107840
Argentina,ARG,2022,204080690
Argentina,ARG,2023,195805970
Armenia,ARM,2013,5535004
Armenia,ARM,2014,5604113
Armenia,ARM,2015,5469323
Armenia,ARM,2016,5203013
Armenia,ARM,2017,5540153
Armenia,ARM,2018,5822272
Armenia,ARM,2019,6284110
Armenia,ARM,2020,6795358
Armenia,ARM,2021,7417117
Armenia,ARM,2022,7164562
Armenia,ARM,2023,7608323
Aruba,ABW,2013,861040
Aruba,ABW,2014,872032
Aruba,ABW,2015,897680
Aruba,ABW,2016,883024
Aruba,ABW,2017,890352
Aruba,ABW,2018,872032
Aruba,ABW,2019,828064
Aruba,ABW,2020,820736
Aruba,ABW,2021,857376
Aruba,ABW,2022,831258
Aruba,ABW,2023,867180
Asia,,2013,18692012000
Asia,,2014,18940043000
Asia,,2015,19047487000
Asia,,2016,19192705000
Asia,,2017,19737522000
Asia,,2018,20335524000
Asia,,2019,20889145000
Asia,,2020,20634851000
Asia,,2021,21640397000
Asia,,2022,21815757000
Asia,,2023,22600220000
Asia (GCP),,2013,16330637000
Asia (GCP),,2014,16535639000
Asia (GCP),,2015,16577918000
Asia (GCP),,2016,16653964000
Asia (GCP),,2017,17106051000
Asia (GCP),,2018,17696862000
Asia (GCP),,2019,18163268000
Asia (GCP),,2020,17974739000
Asia (GCP),,2021,18953953000
Asia (GCP),,2022,19061650000
Asia (GCP),,2023,19808879000
Asia (excl. China and India),,2013,6740584000
Asia (excl. China and India),,2014,6801443000
Asia (excl. China and India),,2015,6949811700
Asia (excl. China and India),,2016,7075333600
Asia (excl. China and India),,2017,7304572000
Asia (excl. China and India),,2018,7409473500
Asia (excl. China and India),,2019,7562272300
Asia (excl. China and India),,2020,7307606500
Asia (excl. China and India),,2021,7518262300
Asia (excl. China and India),,2022,7634051600
Asia (excl. China and India),,2023,7635394000
Australia,AUS,2013,399067520
Australia,AUS,2014,392728900
Australia,AUS,2015,401496600
Australia,AUS,2016,410388100
Australia,AUS,2017,413817700
Australia,AUS,2018,415591170
Australia,AUS,2019,415769800
Australia,AUS,2020,399183900
Australia,AUS,2021,389019520
Australia,AUS,2022,384362140
Australia,AUS,2023,382972000
Austria,AUT,2013,67766776
Austria,AUT,2014,64165824
Austria,AUT,2015,66357460
Austria,AUT,2016,67217290
Austria,AUT,2017,69598480
Austria,AUT,2018,66561692
Austria,AUT,2019,67945990
Austria,AUT,2020,62175724
Austria,AUT,2021,65757468
Austria,AUT,2022,61489110
Austria,AUT,2023,58578050
Azerbaijan,AZE,2013,33555224
Azerbaijan,AZE,2014,34348428
Azerbaijan,AZE,2015,34682950
Azerbaijan,AZE,2016,34727330
Azerbaijan,AZE,2017,34698644
Azerbaijan,AZE,2018,34568500
Azerbaijan,AZE,2019,37745604
Azerbaijan,AZE,2020,36233150
Azerbaijan,AZE,2021,38292976
Azerbaijan,AZE,2022,40391480
Azerbaijan,AZE,2023,43936972
Bahamas,BHS,2013,1989552
Bahamas,BHS,2014,2066495.9
Bahamas,BHS,2015,2227712
Bahamas,BHS,2016,2235040
Bahamas,BHS,2017,2476864
Bahamas,BHS,2018,2436560
Bahamas,BHS,2019,2506176
Bahamas,BHS,2020,2033520
Bahamas,BHS,2021,2476864
Bahamas,BHS,2022,2401664
Bahamas,BHS,2023,2505352
Bahrain,BHR,2013,31157658
Bahrain,BHR,2014,30899728
Bahrain,BHR,2015,32459652
Bahrain,BHR,2016,31559504
Bahrain,BHR,2017,32835182
Bahrain,BHR,2018,32633358
Bahrain,BHR,2019,37579540
Bahrain,BHR,2020,37395950
Bahrain,BHR,2021,36195830
Bahrain,BHR,2022,35651996
Bahrain,BHR,2023,36526764
Bangladesh,BGD,2013,64762796
Bangladesh,BGD,2014,67551544
Bangladesh,BGD,2015,76949380
Bangladesh,BGD,2016,81761570
Bangladesh,BGD,2017,86530460
Bangladesh,BGD,2018,86611270
Bangladesh,BGD,2019,94808136
Bangladesh,BGD,2020,95454296
Bangladesh,BGD,2021,107621110
Bangladesh,BGD,2022,113862904
Bangladesh,BGD,2023,113426860
Barbados,BRB,2013,1532653
Barbados,BRB,2014,1382280
Barbados,BRB,2015,1367624
Barbados,BRB,2016,1407928
Barbados,BRB,2017,1388252
Barbados,BRB,2018,1476188
Barbados,BRB,2019,1428556
Barbados,BRB,2020,1237213
Barbados,BRB,2021,1175740
Barbados,BRB,2022,1143310
Barbados,BRB,2023,1191738
Belarus,BLR,2013,64125556
Belarus,BLR,2014,63648870
Belarus,BLR,2015,58798910
Belarus,BLR,2016,58134484
Belarus,BLR,2017,59381852
Belarus,BLR,2018,62156932
Belarus,BLR,2019,62096344
Belarus,BLR,2020,59055548
Belarus,BLR,2021,60938200
Belarus,BLR,2022,59384360
Belarus,BLR,2023,56490772
Belgium,BEL,2013,102761550
Belgium,BEL,2014,97033590
Belgium,BEL,2015,101275020
Belgium,BEL,2016,99741550
Belgium,BEL,2017,99192030
Belgium,BEL,2018,100158580
Belgium,BEL,2019,99684190
Belgium,BEL,2020,91228270
Belgium,BEL,2021,94886104
Belgium,BEL,2022,89002056
Belgium,BEL,2023,83368480
Belize,BLZ,2013,439680
Belize,BLZ,2014,468992
Belize,BLZ,2015,641200
Belize,BLZ,2016,626544
Belize,BLZ,2017,615552
Belize,BLZ,2018,604560
Belize,BLZ,2019,707152
Belize,BLZ,2020,584020
Belize,BLZ,2021,613022
Belize,BLZ,2022,632438
Belize,BLZ,2023,667898
Benin,BEN,2013,4565975
Benin,BEN,2014,4796000
Benin,BEN,2015,5332540
Benin,BEN,2016,5336190
Benin,BEN,2017,5580650
Benin,BEN,2018,5669020
Benin,BEN,2019,5262159
Benin,BEN,2020,5517598
Benin,BEN,2021,5759265
Benin,BEN,2022,5792374
Benin,BEN,2023,5592317
Bermuda,BMU,2013,534944
Bermuda,BMU,2014,670512
Bermuda,BMU,2015,538608
Bermuda,BMU,2016,619216
Bermuda,BMU,2017,633872
Bermuda,BMU,2018,696160
Bermuda,BMU,2019,593568
Bermuda,BMU,2020,436016
Bermuda,BMU,2021,516623.97
Bermuda,BMU,2022,500886.03
Bermuda,BMU,2023,522532
Bhutan,BTN,2013,1323931
Bhutan,BTN,2014,1387295
Bhutan,BTN,2015,1485194
Bhutan,BTN,2016,1624401
Bhutan,BTN,2017,1711575
Bhutan,BTN,2018,1734058
Bhutan,BTN,2019,1618979
Bhutan,BTN,2020,1250269
Bhutan,BTN,2021,1595828
Bhutan,BTN,2022,1635311
Bhutan,BTN,2023,1713060
Bolivia,BOL,2013,17769010
Bolivia,BOL,2014,19887892
Bolivia,BOL,2015,19886526
Bolivia,BOL,2016,21239286
Bolivia,BOL,2017,22171246
Bolivia,BOL,2018,22498234
Bolivia,BOL,2019,22605126
Bolivia,BOL,2020,18311650
Bolivia,BOL,2021,21756278
Bolivia,BOL,2022,22378240
Bolivia,BOL,2023,23359406
Bonaire Sint Eustatius and Saba,BES,2013,84272
Bonaire Sint Eustatius and Saba,BES,2014,84272
Bonaire Sint Eustatius and Saba,BES,2015,95264
Bonaire Sint Eustatius and Saba,BES,2016,102592
Bonaire Sint Eustatius and Saba,BES,2017,102592
Bonaire Sint Eustatius and Saba,BES,2018,98928
Bonaire Sint Eustatius and Saba,BES,2019,109920
Bonaire Sint Eustatius and Saba,BES,2020,113584
Bonaire Sint Eustatius and Saba,BES,2021,113584
Bonaire Sint Eustatius and Saba,BES,2022,110124
Bonaire Sint Eustatius and Saba,BES,2023,114883
Bosnia and Herzegovina,BIH,2013,21801048
Bosnia and Herzegovina,BIH,2014,19311786
Bosnia and Herzegovina,BIH,2015,18460492
Bosnia and Herzegovina,BIH,2016,21730408
Bosnia and Herzegovina,BIH,2017,22156174
Bosnia and Herzegovina,BIH,2018,22075036
Bosnia and Herzegovina,BIH,2019,20810378
Bosnia and Herzegovina,BIH,2020,20831812
Bosnia and Herzegovina,BIH,2021,21264064
Bosnia and Herzegovina,BIH,2022,20963358
Bosnia and Herzegovina,BIH,2023,20179128
Botswana,BWA,2013,5663055
Botswana,BWA,2014,6850164
Botswana,BWA,2015,5417540
Botswana,BWA,2016,6344532
Botswana,BWA,2017,7070008
Botswana,BWA,2018,7639827
Botswana,BWA,2019,6727104
Botswana,BWA,2020,5550960
Botswana,BWA,2021,6008960
Botswana,BWA,2022,6595524
Botswana,BWA,2023,6713559
Brazil,BRA,2013,532418020
Brazil,BRA,2014,557901000
Brazil,BRA,2015,529353020
Brazil,BRA,2016,492748000
Brazil,BRA,2017,498266430
Brazil,BRA,2018,478379100
Brazil,BRA,2019,473389800
Brazil,BRA,2020,445208100
Brazil,BRA,2021,498016860
Brazil,BRA,2022,483840580
Brazil,BRA,2023,486470080
British Virgin Islands,VGB,2013,212512
British Virgin Islands,VGB,2014,216176
British Virgin Islands,VGB,2015,227168
British Virgin Islands,VGB,2016,230832
British Virgin Islands,VGB,2017,179536
British Virgin Islands,VGB,2018,161216
British Virgin Islands,VGB,2019,183200
British Virgin Islands,VGB,2020,179536
British Virgin Islands,VGB,2021,183200
British Virgin Islands,VGB,2022,177619
British Virgin Islands,VGB,2023,185295
Brunei,BRN,2013,7626055
Brunei,BRN,2014,8830992
Brunei,BRN,2015,6933290
Brunei,BRN,2016,7632908
Brunei,BRN,2017,9309384
Brunei,BRN,2018,9344461
Brunei,BRN,2019,10732756
Brunei,BRN,2020,11156890
Brunei,BRN,2021,11712750
Brunei,BRN,2022,11354423
Brunei,BRN,2023,11769600
Bulgaria,BGR,2013,42726228
Bulgaria,BGR,2014,45251496
Bulgaria,BGR,2015,48203840
Bulgaria,BGR,2016,45419316
Bulgaria,BGR,2017,47520536
Bulgaria,BGR,2018,43576950
Bulgaria,BGR,2019,42267464
Bulgaria,BGR,2020,36644240
Bulgaria,BGR,2021,42425090
Bulgaria,BGR,2022,46965720
Bulgaria,BGR,2023,36093596
Burkina Faso,BFA,2013,2808880
Burkina Faso,BFA,2014,2863856
Burkina Faso,BFA,2015,3743772
Burkina Faso,BFA,2016,3984596
Burkina Faso,BFA,2017,4622188
Burkina Faso,BFA,2018,5226246
Burkina Faso,BFA,2019,5620995
Burkina Faso,BFA,2020,5377314
Burkina Faso,BFA,2021,6289259
Burkina Faso,BFA,2022,6373887
Burkina Faso,BFA,2023,6186583
Burundi,BDI,2013,439680
Burundi,BDI,2014,348080
Burundi,BDI,2015,355408
Burundi,BDI,2016,428688
Burundi,BDI,2017,512960.03
Burundi,BDI,2018,645078
Burundi,BDI,2019,688832
Burundi,BDI,2020,739052
Burundi,BDI,2021,775342
Burundi,BDI,2022,707285
Burundi,BDI,2023,709700
Cambodia,KHM,2013,5625738
Cambodia,KHM,2014,6698986
Cambodia,KHM,2015,8189434
Cambodia,KHM,2016,10647217
Cambodia,KHM,2017,12087589
Cambodia,KHM,2018,13933845
Cambodia,KHM,2019,18629300
Cambodia,KHM,2020,19034220
Cambodia,KHM,2021,19248236
Cambodia,KHM,2022,19608584
Cambodia,KHM,2023,20178442
Cameroon,CMR,2013,7849517
Cameroon,CMR,2014,8771510
Cameroon,CMR,2015,9850663
Cameroon,CMR,2016,9964924
Cameroon,CMR,2017,9585872
Cameroon,CMR,2018,9847527
Cameroon,CMR,2019,9605969
Cameroon,CMR,2020,9715630
Cameroon,CMR,2021,9605282
Cameroon,CMR,2022,10045834
Cameroon,CMR,2023,9941406
Canada,CAN,2013,568853800
Canada,CAN,2014,566468860
Canada,CAN,2015,565644100
Canada,CAN,2016,558871600
Canada,CAN,2017,569602940
Canada,CAN,2018,579078850
Canada,CAN,2019,582024960
Canada,CAN,2020,526581600
Canada,CAN,2021,540311600
Canada,CAN,2022,550611650
Canada,CAN,2023,549299000
Cape Verde,CPV,2013,494640
Cape Verde,CPV,2014,487312
Cape Verde,CPV,2015,490976
Cape Verde,CPV,2016,534944
Cape Verde,CPV,2017,575248
Cape Verde,CPV,2018,571584
Cape Verde,CPV,2019,630208
Cape Verde,CPV,2020,516623.97
Cape Verde,CPV,2021,545936
Cape Verde,CPV,2022,554975
Cape Verde,CPV,2023,534969
Central African Republic,CAF,2013,117248
Central African Republic,CAF,2014,124576
Central African Republic,CAF,2015,179536
Central African Republic,CAF,2016,197856
Central African Republic,CAF,2017,216176
Central African Republic,CAF,2018,219840
Central African Republic,CAF,2019,227168
Central African Republic,CAF,2020,238160
Central African Republic,CAF,2021,241824
Central African Republic,CAF,2022,270523
Central African Republic,CAF,2023,281213
Central America (GCP),,2013,171757460
Central America (GCP),,2014,174878480
Central America (GCP),,2015,182008900
Central America (GCP),,2016,176063490
Central America (GCP),,2017,172699340
Central America (GCP),,2018,172931300
Central America (GCP),,2019,178958320
Central America (GCP),,2020,154236740
Central America (GCP),,2021,166243580
Central America (GCP),,2022,166192820
Central America (GCP),,2023,173106770
Chad,TCD,2013,2078496.9
Chad,TCD,2014,2182780
Chad,TCD,2015,2351698
Chad,TCD,2016,2374447
Chad,TCD,2017,2344165
Chad,TCD,2018,2383510
Chad,TCD,2019,2299469
Chad,TCD,2020,2356446
Chad,TCD,2021,2670142
Chad,TCD,2022,3004705
Chad,TCD,2023,3079389
Chile,CHL,2013,81736820
Chile,CHL,2014,77589860
Chile,CHL,2015,81782160
Chile,CHL,2016,84250500
Chile,CHL,2017,84138260
Chile,CHL,2018,84438856
Chile,CHL,2019,91977080
Chile,CHL,2020,80178160
Chile,CHL,2021,83655176
Chile,CHL,2022,82536910
Chile,CHL,2023,77287704
China,CHN,2013,9956329000
China,CHN,2014,9990257000
China,CHN,2015,9863457000
China,CHN,2016,9762714000
China,CHN,2017,10006343000
China,CHN,2018,10332993000
China,CHN,2019,10713984000
China,CHN,2020,10905693000
China,CHN,2021,11447913000
China,CHN,2022,11350538000
China,CHN,2023,11902503000
Christmas Island,CXR,2013,0
Christmas Island,CXR,2014,0
Christmas Island,CXR,2015,0
Christmas Island,CXR,2016,0
Christmas Island,CXR,2017,0
Christmas Island,CXR,2018,0
Christmas Island,CXR,2019,0
Christmas Island,CXR,2020,0
Christmas Island,CXR,2021,0
Christmas Island,CXR,2022,0
Christmas Island,CXR,2023,0
Colombia,COL,2013,88104664
Colombia,COL,2014,94077870
Colombia,COL,2015,98063710
Colombia,COL,2016,94208056
Colombia,COL,2017,86610450
Colombia,COL,2018,86730980
Colombia,COL,2019,94497930
Colombia,COL,2020,89731500
Colombia,COL,2021,94323270
Colombia,COL,2022,98292510
Colombia,COL,2023,105238664
Comoros,COM,2013,183200
Comoros,COM,2014,161216
Comoros,COM,2015,179536
Comoros,COM,2016,208848
Comoros,COM,2017,260144
Comoros,COM,2018,285792
Comoros,COM,2019,311440
Comoros,COM,2020,373728
Comoros,COM,2021,498304
Comoros,COM,2022,450916
Comoros,COM,2023,448731
Congo,COG,2013,5890374
Congo,COG,2014,5471087
Congo,COG,2015,5636681
Congo,COG,2016,5729264
Congo,COG,2017,5652616
Congo,COG,2018,6546503
Congo,COG,2019,7293597
Congo,COG,2020,7677297
Congo,COG,2021,7414592
Congo,COG,2022,8111232
Congo,COG,2023,7674340
Cook Islands,COK,2013,84272
Cook Islands,COK,2014,80608
Cook Islands,COK,2015,76944
Cook Islands,COK,2016,69616
Cook Islands,COK,2017,76944
Cook Islands,COK,2018,76944
Cook Islands,COK,2019,76944
Cook Islands,COK,2020,65952
Cook Islands,COK,2021,69616
Cook Islands,COK,2022,71282
Cook Islands,COK,2023,72832
Costa Rica,CRI,2013,7631517
Costa Rica,CRI,2014,7748309
Costa Rica,CRI,2015,7406021
Costa Rica,CRI,2016,7855934
Costa Rica,CRI,2017,8029008
Costa Rica,CRI,2018,8012376
Costa Rica,CRI,2019,7698382
Costa Rica,CRI,2020,6770508
Costa Rica,CRI,2021,7647175
Costa Rica,CRI,2022,7847264
Costa Rica,CRI,2023,8279033.5
Cote d'Ivoire,CIV,2013,9679770
Cote d'Ivoire,CIV,2014,9903225
Cote d'Ivoire,CIV,2015,9554745
Cote d'Ivoire,CIV,2016,11982746
Cote d'Ivoire,CIV,2017,12001905
Cote d'Ivoire,CIV,2018,10415200
Cote d'Ivoire,CIV,2019,10535081
Cote d'Ivoire,CIV,2020,11015523
Cote d'Ivoire,CIV,2021,13669025
Cote d'Ivoire,CIV,2022,13643841
Cote d'Ivoire,CIV,2023,13195601
Croatia,HRV,2013,18406078
Croatia,HRV,2014,17657192
Croatia,HRV,2015,17803006
Croatia,HRV,2016,18089980
Croatia,HRV,2017,18719100
Croatia,HRV,2018,17702566
Croatia,HRV,2019,17830288
Croatia,HRV,2020,16881604
Croatia,HRV,2021,17410670
Croatia,HRV,2022,17608212
Croatia,HRV,2023,17524080
Cuba,CUB,2013,27897744
Cuba,CUB,2014,27370000
Cuba,CUB,2015,29091326
Cuba,CUB,2016,27768582
Cuba,CUB,2017,24566498
Cuba,CUB,2018,23019470
Cuba,CUB,2019,22494244
Cuba,CUB,2020,21277170
Cuba,CUB,2021,22552592
Cuba,CUB,2022,21882280
Cuba,CUB,2023,23097436
Curacao,CUW,2013,5932016
Curacao,CUW,2014,6796720
Curacao,CUW,2015,7331664
Curacao,CUW,2016,6203152
Curacao,CUW,2017,4968384
Curacao,CUW,2018,4319856
Curacao,CUW,2019,2253360
Curacao,CUW,2020,1813680
Curacao,CUW,2021,2000544.1
Curacao,CUW,2022,1939601
Curacao,CUW,2023,2023421
Cyprus,CYP,2013,6583855
Cyprus,CYP,2014,6952094
Cyprus,CYP,2015,6972854
Cyprus,CYP,2016,7374974
Cyprus,CYP,2017,7505071
Cyprus,CYP,2018,7322967
Cyprus,CYP,2019,7344204
Cyprus,CYP,2020,7014958
Cyprus,CYP,2021,7170389
Cyprus,CYP,2022,7197524
Cyprus,CYP,2023,7174221
Czechia,CZE,2013,106722490
Czechia,CZE,2014,104246040
Czechia,CZE,2015,105000920
Czechia,CZE,2016,106648410
Czechia,CZE,2017,107745840
Czechia,CZE,2018,106335550
Czechia,CZE,2019,101008820
Czechia,CZE,2020,91673770
Czechia,CZE,2021,96645176
Czechia,CZE,2022,95107760
Czechia,CZE,2023,85624184
Democratic Republic of Congo,COD,2013,3921089
Democratic Republic of Congo,COD,2014,5065957
Democratic Republic of Congo,COD,2015,3274380
Democratic Republic of Congo,COD,2016,2659404
Democratic Republic of Congo,COD,2017,2917112
Democratic Republic of Congo,COD,2018,3773678
Democratic Republic of Congo,COD,2019,4121229.2
Democratic Republic of Congo,COD,2020,4301513
Democratic Republic of Congo,COD,2021,4268556
Democratic Republic of Congo,COD,2022,4630596
Democratic Republic of Congo,COD,2023,4615953
Denmark,DNK,2013,41755340
Denmark,DNK,2014,37564830
Denmark,DNK,2015,35102396
Denmark,DNK,2016,36905584
Denmark,DNK,2017,34652480
Denmark,DNK,2018,34601704
Denmark,DNK,2019,30941816
Denmark,DNK,2020,28294042
Denmark,DNK,2021,29587502
Denmark,DNK,2022,28431534
Denmark,DNK,2023,27264778
Djibouti,DJI,2013,384482
Djibouti,DJI,2014,413954
Djibouti,DJI,2015,504921.03
Djibouti,DJI,2016,427766
Djibouti,DJI,2017,413743
Djibouti,DJI,2018,475182
Djibouti,DJI,2019,543233
Djibouti,DJI,2020,463062
Djibouti,DJI,2021,531545
Djibouti,DJI,2022,494262
Djibouti,DJI,2023,492543
Dominica,DMA,2013,157552
Dominica,DMA,2014,164880
Dominica,DMA,2015,175872
Dominica,DMA,2016,172208
Dominica,DMA,2017,153888
Dominica,DMA,2018,161216
Dominica,DMA,2019,172208
Dominica,DMA,2020,157552
Dominica,DMA,2021,161216
Dominica,DMA,2022,156305
Dominica,DMA,2023,163060
Dominican Republic,DOM,2013,21266960
Dominican Republic,DOM,2014,21800612
Dominican Republic,DOM,2015,23494588
Dominican Republic,DOM,2016,24644568
Dominican Republic,DOM,2017,24016922
Dominican Republic,DOM,2018,25756240
Dominican Republic,DOM,2019,28374692
Dominican Republic,DOM,2020,27015426
Dominican Republic,DOM,2021,30835334
Dominican Republic,DOM,2022,30430802
Dominican Republic,DOM,2023,32019646
East Timor,TLS,2013,618736
East Timor,TLS,2014,624261
East Timor,TLS,2015,589620
East Timor,TLS,2016,642966
East Timor,TLS,2017,689670
East Timor,TLS,2018,617024
East Timor,TLS,2019,675431
East Timor,TLS,2020,646494
East Timor,TLS,2021,620168
East Timor,TLS,2022,649305
East Timor,TLS,2023,632121
Ecuador,ECU,2013,39654976
Ecuador,ECU,2014,43731348
Ecuador,ECU,2015,41275740
Ecuador,ECU,2016,39357052
Ecuador,ECU,2017,39174204
Ecuador,ECU,2018,38429110
Ecuador,ECU,2019,40061816
Ecuador,ECU,2020,32909420
Ecuador,ECU,2021,38204230
Ecuador,ECU,2022,40522028
Ecuador,ECU,2023,43172870
Egypt,EGY,2013,211418830
Egypt,EGY,2014,226899340
Egypt,EGY,2015,224479740
Egypt,EGY,2016,239382380
Egypt,EGY,2017,260675260
Egypt,EGY,2018,249217400
Egypt,EGY,2019,258741600
Egypt,EGY,2020,235357630
Egypt,EGY,2021,260935820
Egypt,EGY,2022,271168540
Egypt,EGY,2023,269006200
El Salvador,SLV,2013,6094472
El Salvador,SLV,2014,6151155
El Salvador,SLV,2015,6667772
El Salvador,SLV,2016,6595795
El Salvador,SLV,2017,5969700
El Salvador,SLV,2018,6262603
El Salvador,SLV,2019,7553099
El Salvador,SLV,2020,6594499
El Salvador,SLV,2021,7581415
El Salvador,SLV,2022,7800193
El Salvador,SLV,2023,8230260
Equatorial Guinea,GNQ,2013,8196183
Equatorial Guinea,GNQ,2014,7672193
Equatorial Guinea,GNQ,2015,7033487
Equatorial Guinea,GNQ,2016,7558256
Equatorial Guinea,GNQ,2017,6831545
Equatorial Guinea,GNQ,2018,7051626
Equatorial Guinea,GNQ,2019,5534618
Equatorial Guinea,GNQ,2020,6411490
Equatorial Guinea,GNQ,2021,7119171
Equatorial Guinea,GNQ,2022,6825867
Equatorial Guinea,GNQ,2023,6141370
Eritrea,ERI,2013,569510
Eritrea,ERI,2014,569107
Eritrea,ERI,2015,554345
Eritrea,ERI,2016,557483
Eritrea,ERI,2017,557061
Eritrea,ERI,2018,623013
Eritrea,ERI,2019,644997
Eritrea,ERI,2020,640911
Eritrea,ERI,2021,681637
Eritrea,ERI,2022,623447
Eritrea,ERI,2023,620764
Estonia,EST,2013,19633824
Estonia,EST,2014,18783952
Estonia,EST,2015,15779623
Estonia,EST,2016,17432914
Estonia,EST,2017,18616034
Estonia,EST,2018,17800686
Estonia,EST,2019,12288099
Estonia,EST,2020,9198251
Estonia,EST,2021,10390745
Estonia,EST,2022,11757177
Estonia,EST,2023,10018740
Eswatini,SWZ,2013,1399648
Eswatini,SWZ,2014,769440
Eswatini,SWZ,2015,868368
Eswatini,SWZ,2016,1055232
Eswatini,SWZ,2017,985616
Eswatini,SWZ,2018,1033247.94
Eswatini,SWZ,2019,1121184
Eswatini,SWZ,2020,1121184
Eswatini,SWZ,2021,1011263.94
Eswatini,SWZ,2022,1079703
Eswatini,SWZ,2023,1104210
Ethiopia,ETH,2013,9838975
Ethiopia,ETH,2014,11671452
Ethiopia,ETH,2015,12699218
Ethiopia,ETH,2016,14494539
Ethiopia,ETH,2017,14773944
Ethiopia,ETH,2018,15786587
Ethiopia,ETH,2019,17235700
Ethiopia,ETH,2020,15849882
Ethiopia,ETH,2021,16160769
Ethiopia,ETH,2022,15156920
Ethiopia,ETH,2023,15227142
Europe,,2013,5841422300
Europe,,2014,5611030000
Europe,,2015,5616481300
Europe,,2016,5602061300
Europe,,2017,5635927000
Europe,,2018,5617016000
Europe,,2019,5436906000
Europe,,2020,5026315300
Europe,,2021,5304039400
Europe,,2022,5228870000
Europe,,2023,4993221000
Europe (GCP),,2013,5841399300
Europe (GCP),,2014,5610999300
Europe (GCP),,2015,5616414000
Europe (GCP),,2016,5602004000
Europe (GCP),,2017,5635891700
Europe (GCP),,2018,5616045000
Europe (GCP),,2019,5436893700
Europe (GCP),,2020,5026611000
Europe (GCP),,2021,5304356000
Europe (GCP),,2022,5229499000
Europe (GCP),,2023,4993161700
Europe (excl. EU-27),,2013,2666312400
Europe (excl. EU-27),,2014,2572619800
Europe (excl. EU-27),,2015,2521727700
Europe (excl. EU-27),,2016,2508779300
Europe (excl. EU-27),,2017,2518700800
Europe (excl. EU-27),,2018,2567147500
Europe (excl. EU-27),,2019,2532198000
Europe (excl. EU-27),,2020,2398923500
Europe (excl. EU-27),,2021,2502895000
Europe (excl. EU-27),,2022,2488792000
Europe (excl. EU-27),,2023,2482599200
Europe (excl. EU-28),,2013,2188701200
Europe (excl. EU-28),,2014,2133812600
Europe (excl. EU-28),,2015,2099267000
Europe (excl. EU-28),,2016,2109349000
Europe (excl. EU-28),,2017,2131333600
Europe (excl. EU-28),,2018,2187417900
Europe (excl. EU-28),,2019,2167444700
Europe (excl. EU-28),,2020,2072660400
Europe (excl. EU-28),,2021,2158385200
Europe (excl. EU-28),,2022,2174957300
Europe (excl. EU-28),,2023,2177452800
European Union (27),,2013,3175109600
European Union (27),,2014,3038410200
European Union (27),,2015,3094753500
European Union (27),,2016,3093282300
European Union (27),,2017,3117226000
European Union (27),,2018,3049868000
European Union (27),,2019,2904707800
European Union (27),,2020,2627391700
European Union (27),,2021,2801144000
European Union (27),,2022,2740077800
European Union (27),,2023,2510622000
European Union (28),,2013,3652721000
European Union (28),,2014,3477217300
European Union (28),,2015,3517214500
European Union (28),,2016,3492712400
European Union (28),,2017,3504593200
European Union (28),,2018,3429597700
European Union (28),,2019,3269461000
European Union (28),,2020,2953655000
European Union (28),,2021,3145654300
European Union (28),,2022,3053912600
European Union (28),,2023,2815768300
Faroe Islands,FRO,2013,648528
Faroe Islands,FRO,2014,597232
Faroe Islands,FRO,2015,608224
Faroe Islands,FRO,2016,630208
Faroe Islands,FRO,2017,707152
Faroe Islands,FRO,2018,725472
Faroe Islands,FRO,2019,740128
Faroe Islands,FRO,2020,758448
Faroe Islands,FRO,2021,780432
Faroe Islands,FRO,2022,789989
Faroe Islands,FRO,2023,797616
Fiji,FJI,2013,1036911.94
Fiji,FJI,2014,1179808
Fiji,FJI,2015,1242096
Fiji,FJI,2016,1176144
Fiji,FJI,2017,1308048
Fiji,FJI,2018,1355537
Fiji,FJI,2019,1355680
Fiji,FJI,2020,1003936.06
Fiji,FJI,2021,1095536
Fiji,FJI,2022,1121761
Fiji,FJI,2023,1146151
Finland,FIN,2013,51719000
Finland,FIN,2014,47622000
Finland,FIN,2015,44192000
Finland,FIN,2016,47251000
Finland,FIN,2017,44657000
Finland,FIN,2018,45734000
Finland,FIN,2019,42442000
Finland,FIN,2020,37700000
Finland,FIN,2021,37798000
Finland,FIN,2022,36367000
Finland,FIN,2023,31622000
France,FRA,2013,358702820
France,FRA,2014,326842370
France,FRA,2015,331490200
France,FRA,2016,334199870
France,FRA,2017,337101440
France,FRA,2018,321939700
France,FRA,2019,315015330
France,FRA,2020,280490020
France,FRA,2021,305607230
France,FRA,2022,293501630
France,FRA,2023,272475840
French Polynesia,PYF,2013,879360
French Polynesia,PYF,2014,850048
French Polynesia,PYF,2015,846384
French Polynesia,PYF,2016,868368
French Polynesia,PYF,2017,872032
French Polynesia,PYF,2018,879360
French Polynesia,PYF,2019,890352
French Polynesia,PYF,2020,831728
French Polynesia,PYF,2021,875696
French Polynesia,PYF,2022,896658
French Polynesia,PYF,2023,916154
Gabon,GAB,2013,5926811
Gabon,GAB,2014,6369402
Gabon,GAB,2015,6475558
Gabon,GAB,2016,6521700
Gabon,GAB,2017,5494621
Gabon,GAB,2018,5567026
Gabon,GAB,2019,5330759
Gabon,GAB,2020,5624687
Gabon,GAB,2021,5531466
Gabon,GAB,2022,5834667
Gabon,GAB,2023,5410930
Gambia,GMB,2013,425024
Gambia,GMB,2014,505631.97
Gambia,GMB,2015,582576
Gambia,GMB,2016,589904
Gambia,GMB,2017,593568
Gambia,GMB,2018,648528
Gambia,GMB,2019,710816
Gambia,GMB,2020,699824
Gambia,GMB,2021,725472
Gambia,GMB,2022,737484
Gambia,GMB,2023,710899
Georgia,GEO,2013,8012545.5
Georgia,GEO,2014,8938688
Georgia,GEO,2015,9756186
Georgia,GEO,2016,10067680
Georgia,GEO,2017,10172526
Georgia,GEO,2018,10062534
Georgia,GEO,2019,10886591
Georgia,GEO,2020,10574905
Georgia,GEO,2021,11094497
Georgia,GEO,2022,11527141
Georgia,GEO,2023,11768941
Germany,DEU,2013,831742850
Germany,DEU,2014,792578750
Germany,DEU,2015,800844500
Germany,DEU,2016,798013630
Germany,DEU,2017,784593860
Germany,DEU,2018,760046340
Germany,DEU,2019,709826700
Germany,DEU,2020,648356860
Germany,DEU,2021,678777300
Germany,DEU,2022,671471550
Germany,DEU,2023,596151360
Ghana,GHA,2013,12606324
Ghana,GHA,2014,13252466
Ghana,GHA,2015,14568119
Ghana,GHA,2016,13917313
Ghana,GHA,2017,12437709
Ghana,GHA,2018,15190123
Ghana,GHA,2019,16418407
Ghana,GHA,2020,19167768
Ghana,GHA,2021,20546160
Ghana,GHA,2022,20286994
Ghana,GHA,2023,19647176
Greece,GRC,2013,81713256
Greece,GRC,2014,78635700
Greece,GRC,2015,74926660
Greece,GRC,2016,71359600
Greece,GRC,2017,74841750
Greece,GRC,2018,71778104
Greece,GRC,2019,65736276
Greece,GRC,2020,55558176
Greece,GRC,2021,57519204
Greece,GRC,2022,58079524
Greece,GRC,2023,55196200
Greenland,GRL,2013,562963
Greenland,GRL,2014,522611.97
Greenland,GRL,2015,525712
Greenland,GRL,2016,526596
Greenland,GRL,2017,543821
Greenland,GRL,2018,544649
Greenland,GRL,2019,555414
Greenland,GRL,2020,537154
Greenland,GRL,2021,566715
Greenland,GRL,2022,587633
Greenland,GRL,2023,596405
Grenada,GRD,2013,296784
Grenada,GRD,2014,238160
Grenada,GRD,2015,260144
Grenada,GRD,2016,274800
Grenada,GRD,2017,293120
Grenada,GRD,2018,307776
Grenada,GRD,2019,329760
Grenada,GRD,2020,289456
Grenada,GRD,2021,311440
Grenada,GRD,2022,320962
Grenada,GRD,2023,339363
Guatemala,GTM,2013,12811682
Guatemala,GTM,2014,13827098
Guatemala,GTM,2015,15951887
Guatemala,GTM,2016,16926494
Guatemala,GTM,2017,17320534
Guatemala,GTM,2018,18522746
Guatemala,GTM,2019,19303848
Guatemala,GTM,2020,17164690
Guatemala,GTM,2021,19805034
Guatemala,GTM,2022,19113738
Guatemala,GTM,2023,20382320
Guinea,GIN,2013,2110464
Guinea,GIN,2014,2165424
Guinea,GIN,2015,2451216
Guinea,GIN,2016,2741192
Guinea,GIN,2017,3238976
Guinea,GIN,2018,3162032
Guinea,GIN,2019,3920951
Guinea,GIN,2020,4499392
Guinea,GIN,2021,4125664.2
Guinea,GIN,2022,4193973
Guinea,GIN,2023,4042787
Guinea-Bissau,GNB,2013,245488
Guinea-Bissau,GNB,2014,260144
Guinea-Bissau,GNB,2015,278464
Guinea-Bissau,GNB,2016,304112
Guinea-Bissau,GNB,2017,304112
Guinea-Bissau,GNB,2018,311440
Guinea-Bissau,GNB,2019,322432
Guinea-Bissau,GNB,2020,296784
Guinea-Bissau,GNB,2021,304112
Guinea-Bissau,GNB,2022,309147
Guinea-Bissau,GNB,2023,298003
Guyana,GUY,2013,1905280
Guyana,GUY,2014,1972021
Guyana,GUY,2015,2003336
Guyana,GUY,2016,2374679
Guyana,GUY,2017,2326815
Guyana,GUY,2018,2502966
Guyana,GUY,2019,2755782
Guyana,GUY,2020,3360588
Guyana,GUY,2021,3581269
Guyana,GUY,2022,3627187
Guyana,GUY,2023,3545070
Haiti,HTI,2013,2706250
Haiti,HTI,2014,2704625
Haiti,HTI,2015,2660657
Haiti,HTI,2016,2979519
Haiti,HTI,2017,3139238
Haiti,HTI,2018,3406577
Haiti,HTI,2019,3128113
Haiti,HTI,2020,3238033
Haiti,HTI,2021,3483521
Haiti,HTI,2022,3380945
Haiti,HTI,2023,3522026
High-income countries,,2013,15483349000
High-income countries,,2014,15287874000
High-income countries,,2015,15226152000
High-income countries,,2016,15084554000
High-income countries,,2017,15072403000
High-income countries,,2018,15212384000
High-income countries,,2019,14912154000
High-income countries,,2020,13688638000
High-income countries,,2021,14433055000
High-income countries,,2022,14464458000
High-income countries,,2023,14014304000
Honduras,HND,2013,9364898
Honduras,HND,2014,9481238
Honduras,HND,2015,10347979
Honduras,HND,2016,9722308
Honduras,HND,2017,10231486
Honduras,HND,2018,9861259
Honduras,HND,2019,11218794
Honduras,HND,2020,9526111
Honduras,HND,2021,10187936
Honduras,HND,2022,10481529
Honduras,HND,2023,11042214
Hong Kong,HKG,2013,44306892
Hong Kong,HKG,2014,45491750
Hong Kong,HKG,2015,42399920
Hong Kong,HKG,2016,43365784
Hong Kong,HKG,2017,42431172
Hong Kong,HKG,2018,42600628
Hong Kong,HKG,2019,41900196
Hong Kong,HKG,2020,33497124
Hong Kong,HKG,2021,33716964
Hong Kong,HKG,2022,31531788
Hong Kong,HKG,2023,33871056
Hungary,HUN,2013,43486520
Hungary,HUN,2014,43638884
Hungary,HUN,2015,46566924
Hungary,HUN,2016,47039148
Hungary,HUN,2017,49423532
Hungary,HUN,2018,49376216
Hungary,HUN,2019,49165744
Hungary,HUN,2020,47107424
Hungary,HUN,2021,48330956
Hungary,HUN,2022,44842524
Hungary,HUN,2023,40190156
Iceland,ISL,2013,3488069
Iceland,ISL,2014,3445115
Iceland,ISL,2015,3541181
Iceland,ISL,2016,3493675
Iceland,ISL,2017,3610952
Iceland,ISL,2018,3667102
Iceland,ISL,2019,3556092
Iceland,ISL,2020,3340566
Iceland,ISL,2021,3508308
Iceland,ISL,2022,3613243
Iceland,ISL,2023,3762450
India,IND,2013,1995098100
India,IND,2014,2148343800
India,IND,2015,2234219500
India,IND,2016,2354658000
India,IND,2017,2426606800
India,IND,2018,2593057800
India,IND,2019,2612888000
India,IND,2020,2421552000
India,IND,2021,2674221800
India,IND,2022,2831166200
India,IND,2023,3062324500
Indonesia,IDN,2013,489055100
Indonesia,IDN,2014,487889950
Indonesia,IDN,2015,539149250
Indonesia,IDN,2016,540085600
Indonesia,IDN,2017,556944200
Indonesia,IDN,2018,594101400
Indonesia,IDN,2019,653791600
Indonesia,IDN,2020,608223200
Indonesia,IDN,2021,619622400
Indonesia,IDN,2022,737072640
Indonesia,IDN,2023,733223940
International aviation,,2013,498400600
International aviation,,2014,498252740
International aviation,,2015,518202750
International aviation,,2016,540413500
International aviation,,2017,564229500
International aviation,,2018,605797760
International aviation,,2019,623608900
International aviation,,2020,270161150
International aviation,,2021,293715900
International aviation,,2022,424851260
International aviation,,2023,523411550
International shipping,,2013,615697600
International shipping,,2014,621561200
International shipping,,2015,638760400
International shipping,,2016,632392400
International shipping,,2017,645676800
International shipping,,2018,641294900
International shipping,,2019,627169700
International shipping,,2020,583679040
International shipping,,2021,599905340
International shipping,,2022,595232100
International shipping,,2023,593157760
Iran,IRN,2013,609839000
Iran,IRN,2014,644150700
Iran,IRN,2015,641911040
Iran,IRN,2016,644683600
Iran,IRN,2017,696399900
Iran,IRN,2018,689782850
Iran,IRN,2019,735347400
Iran,IRN,2020,756606400
Iran,IRN,2021,779755600
Iran,IRN,2022,800746560
Iran,IRN,2023,817879900
Iraq,IRQ,2013,141052560
Iraq,IRQ,2014,137021060
Iraq,IRQ,2015,141986560
Iraq,IRQ,2016,152421970
Iraq,IRQ,2017,166703890
Iraq,IRQ,2018,184776590
Iraq,IRQ,2019,190233920
Iraq,IRQ,2020,161115330
Iraq,IRQ,2021,159044850
Iraq,IRQ,2022,171279220
Iraq,IRQ,2023,176457950
Ireland,IRL,2013,37278920
Ireland,IRL,2014,36850170
Ireland,IRL,2015,38715990
Ireland,IRL,2016,40366880
Ireland,IRL,2017,39075644
Ireland,IRL,2018,39009370
Ireland,IRL,2019,37323388
Ireland,IRL,2020,35124468
Ireland,IRL,2021,37544270
Ireland,IRL,2022,36711388
Ireland,IRL,2023,34432788
Israel,ISR,2013,63095308
Israel,ISR,2014,60282336
Israel,ISR,2015,62939140
Israel,ISR,2016,61164164
Israel,ISR,2017,58845148
Israel,ISR,2018,59985780
Israel,ISR,2019,58655656
Israel,ISR,2020,59156320
Israel,ISR,2021,59007950
Israel,ISR,2022,60946176
Israel,ISR,2023,59489496
Italy,ITA,2013,369474700
Italy,ITA,2014,349400320
Italy,ITA,2015,361254340
Italy,ITA,2016,358144350
Italy,ITA,2017,352678620
Italy,ITA,2018,349062140
Italy,ITA,2019,339633540
Italy,ITA,2020,302602430
Italy,ITA,2021,335977820
Italy,ITA,2022,340672300
Italy,ITA,2023,313460640
Jamaica,JAM,2013,8492241
Jamaica,JAM,2014,7697454
Jamaica,JAM,2015,7998908
Jamaica,JAM,2016,8163432
Jamaica,JAM,2017,7797546
Jamaica,JAM,2018,8086434.5
Jamaica,JAM,2019,9476012
Jamaica,JAM,2020,6902286
Jamaica,JAM,2021,7345511
Jamaica,JAM,2022,7136817
Jamaica,JAM,2023,7648698
Japan,JPN,2013,1315297800
Japan,JPN,2014,1263805700
Japan,JPN,2015,1223199400
Japan,JPN,2016,1203184000
Japan,JPN,2017,1187484500
Japan,JPN,2018,1142480900
Japan,JPN,2019,1105478000
Japan,JPN,2020,1040483400
Japan,JPN,2021,1061905300
Japan,JPN,2022,1032686800
Japan,JPN,2023,988784700
Jordan,JOR,2013,23818202
Jordan,JOR,2014,25898834
Jordan,JOR,2015,25549898
Jordan,JOR,2016,24698330
Jordan,JOR,2017,25813520
Jordan,JOR,2018,25141976
Jordan,JOR,2019,24746842
Jordan,JOR,2020,20960476
Jordan,JOR,2021,20638542
Jordan,JOR,2022,20254502
Jordan,JOR,2023,21188884
Kazakhstan,KAZ,2013,255164930
Kazakhstan,KAZ,2014,274289660
Kazakhstan,KAZ,2015,278661280
Kazakhstan,KAZ,2016,277695740
Kazakhstan,KAZ,2017,293476480
Kazakhstan,KAZ,2018,307174100
Kazakhstan,KAZ,2019,275289760
Kazakhstan,KAZ,2020,255486480
Kazakhstan,KAZ,2021,255142930
Kazakhstan,KAZ,2022,254414190
Kazakhstan,KAZ,2023,255161470
Kenya,KEN,2013,13457976
Kenya,KEN,2014,14531541
Kenya,KEN,2015,16998498
Kenya,KEN,2016,18134512
Kenya,KEN,2017,17709414
Kenya,KEN,2018,18837988
Kenya,KEN,2019,19795976
Kenya,KEN,2020,21981834
Kenya,KEN,2021,22314226
Kenya,KEN,2022,21397398
Kenya,KEN,2023,21531040
Kiribati,KIR,2013,51296
Kiribati,KIR,2014,58624
Kiribati,KIR,2015,54960
Kiribati,KIR,2016,54960
Kiribati,KIR,2017,65952
Kiribati,KIR,2018,65952
Kiribati,KIR,2019,65952
Kiribati,KIR,2020,65952
Kiribati,KIR,2021,65952
Kiribati,KIR,2022,67531
Kiribati,KIR,2023,68999
Kosovo,OWID_KOS,2013,7969366
Kosovo,OWID_KOS,2014,7132675
Kosovo,OWID_KOS,2015,8290589.5
Kosovo,OWID_KOS,2016,8793497
Kosovo,OWID_KOS,2017,8022504
Kosovo,OWID_KOS,2018,8044655
Kosovo,OWID_KOS,2019,8389661
Kosovo,OWID_KOS,2020,8451382
Kosovo,OWID_KOS,2021,8815973
Kosovo,OWID_KOS,2022,8692231
Kosovo,OWID_KOS,2023,8376729
Kuwait,KWT,2013,84312690
Kuwait,KWT,2014,76434800
Kuwait,KWT,2015,94507590
Kuwait,KWT,2016,109904540
Kuwait,KWT,2017,103950180
Kuwait,KWT,2018,106722696
Kuwait,KWT,2019,108548616
Kuwait,KWT,2020,95654810
Kuwait,KWT,2021,95130230
Kuwait,KWT,2022,97460560
Kuwait,KWT,2023,99233390
Kuwaiti Oil Fires (GCP),,2013,0
Kuwaiti Oil Fires (GCP),,2014,0
Kuwaiti Oil Fires (GCP),,2015,0
Kuwaiti Oil Fires (GCP),,2016,0
Kuwaiti Oil Fires (GCP),,2017,0
Kuwaiti Oil Fires (GCP),,2018,0
Kuwaiti Oil Fires (GCP),,2019,0
Kuwaiti Oil Fires (GCP),,2020,0
Kuwaiti Oil Fires (GCP),,2021,0
Kuwaiti Oil Fires (GCP),,2022,0
Kuwaiti Oil Fires (GCP),,2023,0
Kyrgyzstan,KGZ,2013,9733813
Kyrgyzstan,KGZ,2014,10236388
Kyrgyzstan,KGZ,2015,10264781
Kyrgyzstan,KGZ,2016,9621676
Kyrgyzstan,KGZ,2017,9360708
Kyrgyzstan,KGZ,2018,11171519
Kyrgyzstan,KGZ,2019,9042997
Kyrgyzstan,KGZ,2020,8348492.5
Kyrgyzstan,KGZ,2021,10326665
Kyrgyzstan,KGZ,2022,10032085
Kyrgyzstan,KGZ,2023,10152343
Laos,LAO,2013,4261159
Laos,LAO,2014,4449693
Laos,LAO,2015,9229252
Laos,LAO,2016,16458120
Laos,LAO,2017,19683848
Laos,LAO,2018,20558106
Laos,LAO,2019,19080390
Laos,LAO,2020,19491688
Laos,LAO,2021,22801204
Laos,LAO,2022,23436110
Laos,LAO,2023,24796292
Latvia,LVA,2013,7368754
Latvia,LVA,2014,7172208
Latvia,LVA,2015,7262431
Latvia,LVA,2016,7210695
Latvia,LVA,2017,7215332
Latvia,LVA,2018,7857337
Latvia,LVA,2019,7648483
Latvia,LVA,2020,6997988
Latvia,LVA,2021,7238093
Latvia,LVA,2022,6619717
Latvia,LVA,2023,6512889
Lebanon,LBN,2013,22163384
Lebanon,LBN,2014,23992028
Lebanon,LBN,2015,25734552
Lebanon,LBN,2016,26441534
Lebanon,LBN,2017,27824084
Lebanon,LBN,2018,26156800
Lebanon,LBN,2019,25661360
Lebanon,LBN,2020,23814864
Lebanon,LBN,2021,19291330
Lebanon,LBN,2022,18922386
Lebanon,LBN,2023,19475458
Lesotho,LSO,2013,2333968
Lesotho,LSO,2014,2473200
Lesotho,LSO,2015,2242368
Lesotho,LSO,2016,2213056
Lesotho,LSO,2017,2513504
Lesotho,LSO,2018,2370608
Lesotho,LSO,2019,2388928
Lesotho,LSO,2020,2172752
Lesotho,LSO,2021,3425840
Lesotho,LSO,2022,3832580
Lesotho,LSO,2023,3888782
Liberia,LBR,2013,874265
Liberia,LBR,2014,733526
Liberia,LBR,2015,698049
Liberia,LBR,2016,643524
Liberia,LBR,2017,670424
Liberia,LBR,2018,605740
Liberia,LBR,2019,931662
Liberia,LBR,2020,779626
Liberia,LBR,2021,782557
Liberia,LBR,2022,792081
Liberia,LBR,2023,771001
Libya,LBY,2013,51343916
Libya,LBY,2014,68348400
Libya,LBY,2015,62643820
Libya,LBY,2016,60171332
Libya,LBY,2017,69580120
Libya,LBY,2018,65322908
Libya,LBY,2019,76247410
Libya,LBY,2020,34237410
Libya,LBY,2021,56540852
Libya,LBY,2022,57546076
Libya,LBY,2023,60975930
Liechtenstein,LIE,2013,192545
Liechtenstein,LIE,2014,161259
Liechtenstein,LIE,2015,159774
Liechtenstein,LIE,2016,149838
Liechtenstein,LIE,2017,155769
Liechtenstein,LIE,2018,142950
Liechtenstein,LIE,2019,149022
Liechtenstein,LIE,2020,141929
Liechtenstein,LIE,2021,145884
Liechtenstein,LIE,2022,153321
Liechtenstein,LIE,2023,157238
Lithuania,LTU,2013,13179840
Lithuania,LTU,2014,12884828
Lithuania,LTU,2015,13088382
Lithuania,LTU,2016,13155571
Lithuania,LTU,2017,13320003
Lithuania,LTU,2018,13470189
Lithuania,LTU,2019,13707235
Lithuania,LTU,2020,13562745
Lithuania,LTU,2021,13851095
Lithuania,LTU,2022,12856662
Lithuania,LTU,2023,12461681
Low-income countries,,2013,167276290
Low-income countries,,2014,171085970
Low-income countries,,2015,150220740
Low-income countries,,2016,157252060
Low-income countries,,2017,199326180
Low-income countries,,2018,196732770
Low-income countries,,2019,208337920
Low-income countries,,2020,200520980
Low-income countries,,2021,194180020
Low-income countries,,2022,192594750
Low-income countries,,2023,196579700
Lower-middle-income countries,,2013,3260296000
Lower-middle-income countries,,2014,3497819000
Lower-middle-income countries,,2015,3643334100
Lower-middle-income countries,,2016,3859967000
Lower-middle-income countries,,2017,4028302600
Lower-middle-income countries,,2018,4218262300
Lower-middle-income countries,,2019,4379940400
Lower-middle-income countries,,2020,4181050000
Lower-middle-income countries,,2021,4489789400
Lower-middle-income countries,,2022,4626717700
Lower-middle-income countries,,2023,4882584600
Luxembourg,LUX,2013,10333663
Luxembourg,LUX,2014,9816077
Luxembourg,LUX,2015,9345265
Luxembourg,LUX,2016,9090387
Luxembourg,LUX,2017,9262836
Luxembourg,LUX,2018,9567291
Luxembourg,LUX,2019,9761764
Luxembourg,LUX,2020,8074925.5
Luxembourg,LUX,2021,8420578
Luxembourg,LUX,2022,7276724
Luxembourg,LUX,2023,6993124
Macao,MAC,2013,989280
Macao,MAC,2014,1293392
Macao,MAC,2015,1769712
Macao,MAC,2016,1780704
Macao,MAC,2017,1927264
Macao,MAC,2018,1242096
Macao,MAC,2019,1212784
Macao,MAC,2020,1033247.94
Macao,MAC,2021,1025920.06
Macao,MAC,2022,1036826
Macao,MAC,2023,1057495
Madagascar,MDG,2013,3192828
Madagascar,MDG,2014,3095580
Madagascar,MDG,2015,3249468
Madagascar,MDG,2016,3374044
Madagascar,MDG,2017,3975995
Madagascar,MDG,2018,3732694
Madagascar,MDG,2019,4296739
Madagascar,MDG,2020,3974940
Madagascar,MDG,2021,4454924
Madagascar,MDG,2022,4309451
Madagascar,MDG,2023,4476379
Malawi,MWI,2013,1145877
Malawi,MWI,2014,1040758.94
Malawi,MWI,2015,1082885
Malawi,MWI,2016,1205613
Malawi,MWI,2017,1229673
Malawi,MWI,2018,1723025
Malawi,MWI,2019,1720779
Malawi,MWI,2020,1768165
Malawi,MWI,2021,1884698
Malawi,MWI,2022,1748208
Malawi,MWI,2023,1752411
Malaysia,MYS,2013,241671090
Malaysia,MYS,2014,245049710
Malaysia,MYS,2015,235938100
Malaysia,MYS,2016,237293680
Malaysia,MYS,2017,244457090
Malaysia,MYS,2018,262643410
Malaysia,MYS,2019,279841950
Malaysia,MYS,2020,263199410
Malaysia,MYS,2021,273152500
Malaysia,MYS,2022,285447970
Malaysia,MYS,2023,288823680
Maldives,MDV,2013,1091872
Maldives,MDV,2014,1315376
Maldives,MDV,2015,1278736
Maldives,MDV,2016,1436288
Maldives,MDV,2017,1513232
Maldives,MDV,2018,1740400
Maldives,MDV,2019,1993216
Maldives,MDV,2020,1678112
Maldives,MDV,2021,1971232
Maldives,MDV,2022,2018419
Maldives,MDV,2023,2062305
Mali,MLI,2013,2743394
Mali,MLI,2014,3135649
Mali,MLI,2015,3399085
Mali,MLI,2016,4289598
Mali,MLI,2017,4770004
Mali,MLI,2018,5198325
Mali,MLI,2019,5832595
Mali,MLI,2020,6447858
Mali,MLI,2021,6885983
Mali,MLI,2022,6988448
Mali,MLI,2023,6761669
Malta,MLT,2013,2429451
Malta,MLT,2014,2417100
Malta,MLT,2015,1699357
Malta,MLT,2016,1375604
Malta,MLT,2017,1536869
Malta,MLT,2018,1547402
Malta,MLT,2019,1648776
Malta,MLT,2020,1600392
Malta,MLT,2021,1610855
Malta,MLT,2022,1773628
Malta,MLT,2023,1822230
Marshall Islands,MHL,2013,139232
Marshall Islands,MHL,2014,142896
Marshall Islands,MHL,2015,142896
Marshall Islands,MHL,2016,142896
Marshall Islands,MHL,2017,146560
Marshall Islands,MHL,2018,146560
Marshall Islands,MHL,2019,146560
Marshall Islands,MHL,2020,146560
Marshall Islands,MHL,2021,146560
Marshall Islands,MHL,2022,150068
Marshall Islands,MHL,2023,153331
Mauritania,MRT,2013,2168855
Mauritania,MRT,2014,2566410
Mauritania,MRT,2015,3002486
Mauritania,MRT,2016,2627103
Mauritania,MRT,2017,3581137
Mauritania,MRT,2018,4451760
Mauritania,MRT,2019,4620304
Mauritania,MRT,2020,4781520
Mauritania,MRT,2021,4503056
Mauritania,MRT,2022,4577614
Mauritania,MRT,2023,4412598
Mauritius,MUS,2013,4067040
Mauritius,MUS,2014,4206272
Mauritius,MUS,2015,4209936
Mauritius,MUS,2016,4345504
Mauritius,MUS,2017,4536032
Mauritius,MUS,2018,4459088
Mauritius,MUS,2019,4521376
Mauritius,MUS,2020,3806896
Mauritius,MUS,2021,3971776
Mauritius,MUS,2022,3928177
Mauritius,MUS,2023,4138937
Mexico,MEX,2013,495415100
Mexico,MEX,2014,484044500
Mexico,MEX,2015,479433730
Mexico,MEX,2016,478827740
Mexico,MEX,2017,464406460
Mexico,MEX,2018,468413280
Mexico,MEX,2019,468235650
Mexico,MEX,2020,428940300
Mexico,MEX,2021,446834100
Mexico,MEX,2022,465335650
Mexico,MEX,2023,482623460
Micronesia (country),FSM,2013,135568
Micronesia (country),FSM,2014,135568
Micronesia (country),FSM,2015,142896
Micronesia (country),FSM,2016,142896
Micronesia (country),FSM,2017,142896
Micronesia (country),FSM,2018,142896
Micronesia (country),FSM,2019,146560
Micronesia (country),FSM,2020,146560
Micronesia (country),FSM,2021,142896
Micronesia (country),FSM,2022,146317
Micronesia (country),FSM,2023,149498
Middle East (GCP),,2013,2229221600
Middle East (GCP),,2014,2335918300
Middle East (GCP),,2015,2449773000
Middle East (GCP),,2016,2502878000
Middle East (GCP),,2017,2570577700
Middle East (GCP),,2018,2604086800
Middle East (GCP),,2019,2624362500
Middle East (GCP),,2020,2465509400
Middle East (GCP),,2021,2605809400
Middle East (GCP),,2022,2663214000
Middle East (GCP),,2023,2698335200
Moldova,MDA,2013,4899358
Moldova,MDA,2014,4758816
Moldova,MDA,2015,4781760
Moldova,MDA,2016,4903671
Moldova,MDA,2017,5220511
Moldova,MDA,2018,5434098
Moldova,MDA,2019,5495000
Moldova,MDA,2020,5237566
Moldova,MDA,2021,5849646
Moldova,MDA,2022,5789972
Moldova,MDA,2023,5962224
Mongolia,MNG,2013,43478036
Mongolia,MNG,2014,29626122
Mongolia,MNG,2015,23282274
Mongolia,MNG,2016,25629140
Mongolia,MNG,2017,34135348
Mongolia,MNG,2018,45315650
Mongolia,MNG,2019,47243564
Mongolia,MNG,2020,37073100
Mongolia,MNG,2021,41852420
Mongolia,MNG,2022,43414760
Mongolia,MNG,2023,46869964
Montenegro,MNE,2013,2150768
Montenegro,MNE,2014,2106800
Montenegro,MNE,2015,2238704
Montenegro,MNE,2016,2015199.9
Montenegro,MNE,2017,2103136
Montenegro,MNE,2018,2399920
Montenegro,MNE,2019,2476864
Montenegro,MNE,2020,2407248
Montenegro,MNE,2021,2410912
Montenegro,MNE,2022,2390512
Montenegro,MNE,2023,2328379
Montserrat,MSR,2013,47632
Montserrat,MSR,2014,47632
Montserrat,MSR,2015,54960
Montserrat,MSR,2016,29312
Montserrat,MSR,2017,29312
Montserrat,MSR,2018,29312
Montserrat,MSR,2019,21984
Montserrat,MSR,2020,21984
Montserrat,MSR,2021,21984
Montserrat,MSR,2022,21314
Montserrat,MSR,2023,22235
Morocco,MAR,2013,56606420
Morocco,MAR,2014,57174916
Morocco,MAR,2015,58495180
Morocco,MAR,2016,58457476
Morocco,MAR,2017,61103764
Morocco,MAR,2018,62305908
Morocco,MAR,2019,68739730
Morocco,MAR,2020,64564172
Morocco,MAR,2021,70245224
Morocco,MAR,2022,69505540
Morocco,MAR,2023,68667610
Mozambique,MOZ,2013,3578664
Mozambique,MOZ,2014,8122090.5
Mozambique,MOZ,2015,6730562
Mozambique,MOZ,2016,8547319
Mozambique,MOZ,2017,6905362
Mozambique,MOZ,2018,7010156
Mozambique,MOZ,2019,7101099
Mozambique,MOZ,2020,6376114
Mozambique,MOZ,2021,7867599
Mozambique,MOZ,2022,8357848
Mozambique,MOZ,2023,8023384
Myanmar,MMR,2013,12722151
Myanmar,MMR,2014,15849346
Myanmar,MMR,2015,21887144
Myanmar,MMR,2016,21140418
Myanmar,MMR,2017,23630088
Myanmar,MMR,2018,34016840
Myanmar,MMR,2019,33620364
Myanmar,MMR,2020,34587544
Myanmar,MMR,2021,29599936
Myanmar,MMR,2022,29532672
Myanmar,MMR,2023,30233224
Namibia,NAM,2013,3589984
Namibia,NAM,2014,3739992
Namibia,NAM,2015,3931912
Namibia,NAM,2016,3973974
Namibia,NAM,2017,4098905
Namibia,NAM,2018,4209880
Namibia,NAM,2019,4238951
Namibia,NAM,2020,3832064
Namibia,NAM,2021,3900919
Namibia,NAM,2022,4084847
Namibia,NAM,2023,4174205.8
Nauru,NRU,2013,47632
Nauru,NRU,2014,51296
Nauru,NRU,2015,54960
Nauru,NRU,2016,51296
Nauru,NRU,2017,54960
Nauru,NRU,2018,54960
Nauru,NRU,2019,54960
Nauru,NRU,2020,51296
Nauru,NRU,2021,54960
Nauru,NRU,2022,56276
Nauru,NRU,2023,57499
Nepal,NPL,2013,6217840
Nepal,NPL,2014,7591334
Nepal,NPL,2015,6904657
Nepal,NPL,2016,10088048
Nepal,NPL,2017,12419776
Nepal,NPL,2018,13999045
Nepal,NPL,2019,12750490
Nepal,NPL,2020,15631550
Nepal,NPL,2021,15723567
Nepal,NPL,2022,16088978
Nepal,NPL,2023,16677210
Netherlands,NLD,2013,164757580
Netherlands,NLD,2014,157342270
Netherlands,NLD,2015,163743250
Netherlands,NLD,2016,164607870
Netherlands,NLD,2017,162077660
Netherlands,NLD,2018,158042200
Netherlands,NLD,2019,152422300
Netherlands,NLD,2020,136670080
Netherlands,NLD,2021,139683650
Netherlands,NLD,2022,127241000
Netherlands,NLD,2023,118668370
New Caledonia,NCL,2013,3970129
New Caledonia,NCL,2014,5009068
New Caledonia,NCL,2015,4876909
New Caledonia,NCL,2016,5481737
New Caledonia,NCL,2017,5583765
New Caledonia,NCL,2018,5913008
New Caledonia,NCL,2019,5672867
New Caledonia,NCL,2020,5109173
New Caledonia,NCL,2021,4536780
New Caledonia,NCL,2022,5115215
New Caledonia,NCL,2023,5067623
New Zealand,NZL,2013,35237916
New Zealand,NZL,2014,35435070
New Zealand,NZL,2015,35802200
New Zealand,NZL,2016,34145530
New Zealand,NZL,2017,35684560
New Zealand,NZL,2018,35702510
New Zealand,NZL,2019,36731820
New Zealand,NZL,2020,34022760
New Zealand,NZL,2021,34322604
New Zealand,NZL,2022,31610088
New Zealand,NZL,2023,30119236
Nicaragua,NIC,2013,4605408
Nicaragua,NIC,2014,4745122
Nicaragua,NIC,2015,5430953
Nicaragua,NIC,2016,5406146
Nicaragua,NIC,2017,5461305
Nicaragua,NIC,2018,5199214
Nicaragua,NIC,2019,5222552
Nicaragua,NIC,2020,4660471
Nicaragua,NIC,2021,5144894
Nicaragua,NIC,2022,5296130
Nicaragua,NIC,2023,5588379
Niger,NER,2013,2078361
Niger,NER,2014,2256260
Niger,NER,2015,2206060
Niger,NER,2016,2145222
Niger,NER,2017,2249800
Niger,NER,2018,1803409
Niger,NER,2019,2513365
Niger,NER,2020,2461085
Niger,NER,2021,2712771
Niger,NER,2022,2697386
Niger,NER,2023,2597634
Nigeria,NGA,2013,122646910
Nigeria,NGA,2014,129276020
Nigeria,NGA,2015,115830680
Nigeria,NGA,2016,123853130
Nigeria,NGA,2017,118720470
Nigeria,NGA,2018,112612500
Nigeria,NGA,2019,133823544
Nigeria,NGA,2020,129497090
Nigeria,NGA,2021,135070380
Nigeria,NGA,2022,131568220
Nigeria,NGA,2023,128539720
Niue,NIU,2013,7328
Niue,NIU,2014,10992
Niue,NIU,2015,7328
Niue,NIU,2016,7328
Niue,NIU,2017,7328
Niue,NIU,2018,10992
Niue,NIU,2019,7328
Niue,NIU,2020,7328
Niue,NIU,2021,7328
Niue,NIU,2022,7503
Niue,NIU,2023,7667
Non-OECD (GCP),,2013,20953666000
Non-OECD (GCP),,2014,21366534000
Non-OECD (GCP),,2015,21445130000
Non-OECD (GCP),,2016,21568254000
Non-OECD (GCP),,2017,22090630000
Non-OECD (GCP),,2018,22723068000
Non-OECD (GCP),,2019,23364747000
Non-OECD (GCP),,2020,22809577000
Non-OECD (GCP),,2021,24137940000
Non-OECD (GCP),,2022,24398658000
Non-OECD (GCP),,2023,25253224000
North America,,2013,6716956700
North America,,2014,6754753000
North America,,2015,6604084700
North America,,2016,6467170000
North America,,2017,6417920000
North America,,2018,6597806000
North America,,2019,6493359000
North America,,2020,5826628600
North America,,2021,6192752600
North America,,2022,6267443000
North America,,2023,6123549700
North America (GCP),,2013,6536962600
North America (GCP),,2014,6570659000
North America (GCP),,2015,6412757500
North America (GCP),,2016,6282710500
North America (GCP),,2017,6239665700
North America (GCP),,2018,6418924500
North America (GCP),,2019,6304605700
North America (GCP),,2020,5671954400
North America (GCP),,2021,6011772400
North America (GCP),,2022,6086830000
North America (GCP),,2023,5937258000
North America (excl. USA),,2013,1236799700
North America (excl. USA),,2014,1226072200
North America (excl. USA),,2015,1227611600
North America (excl. USA),,2016,1214237700
North America (excl. USA),,2017,1205758100
North America (excl. USA),,2018,1220009200
North America (excl. USA),,2019,1231214100
North America (excl. USA),,2020,1112000400
North America (excl. USA),,2021,1160539400
North America (excl. USA),,2022,1188572400
North America (excl. USA),,2023,1212158700
North Korea,PRK,2013,36111340
North Korea,PRK,2014,39788160
North Korea,PRK,2015,31248442
North Korea,PRK,2016,34200080
North Korea,PRK,2017,69674940
North Korea,PRK,2018,62590100
North Korea,PRK,2019,69490320
North Korea,PRK,2020,65547560
North Korea,PRK,2021,53951624
North Korea,PRK,2022,56192390
North Korea,PRK,2023,60764244
North Macedonia,MKD,2013,7489216
North Macedonia,MKD,2014,7203424
North Macedonia,MKD,2015,6756554
North Macedonia,MKD,2016,6657488
North Macedonia,MKD,2017,7152128
North Macedonia,MKD,2018,7635776
North Macedonia,MKD,2019,7646929
North Macedonia,MKD,2020,6961600
North Macedonia,MKD,2021,6488741
North Macedonia,MKD,2022,7127376
North Macedonia,MKD,2023,7448824
Norway,NOR,2013,44516000
Norway,NOR,2014,44958000
Norway,NOR,2015,45494000
Norway,NOR,2016,44678000
Norway,NOR,2017,44165000
Norway,NOR,2018,44405000
Norway,NOR,2019,42793000
Norway,NOR,2020,41231000
Norway,NOR,2021,41028000
Norway,NOR,2022,40808000
Norway,NOR,2023,38901000
OECD (GCP),,2013,12987239000
OECD (GCP),,2014,12786657000
OECD (GCP),,2015,12668533000
OECD (GCP),,2016,12530128000
OECD (GCP),,2017,12519956000
OECD (GCP),,2018,12592071000
OECD (GCP),,2019,12246977000
OECD (GCP),,2020,11167496000
OECD (GCP),,2021,11764871000
OECD (GCP),,2022,11681825000
OECD (GCP),,2023,11224303000
Oceania,,2013,446240540
Oceania,,2014,442859330
Oceania,,2015,452078900
Oceania,,2016,460608160
Oceania,,2017,465369760
Oceania,,2018,468624000
Oceania,,2019,470051360
Oceania,,2020,449667040
Oceania,,2021,439661570
Oceania,,2022,433028500
Oceania,,2023,430302660
Oceania (GCP),,2013,441708700
Oceania (GCP),,2014,436738100
Oceania (GCP),,2015,445759140
Oceania (GCP),,2016,453584100
Oceania (GCP),,2017,458815970
Oceania (GCP),,2018,461031780
Oceania (GCP),,2019,462061860
Oceania (GCP),,2020,441814980
Oceania (GCP),,2021,431515500
Oceania (GCP),,2022,424883740
Oceania (GCP),,2023,421825570
Oman,OMN,2013,65271936
Oman,OMN,2014,65911436
Oman,OMN,2015,67590296
Oman,OMN,2016,65925070
Oman,OMN,2017,66242156
Oman,OMN,2018,70375500
Oman,OMN,2019,71724520
Oman,OMN,2020,68625420
Oman,OMN,2021,75116290
Oman,OMN,2022,76605830
Oman,OMN,2023,78511300
Pakistan,PAK,2013,151847360
Pakistan,PAK,2014,156705220
Pakistan,PAK,2015,150589760
Pakistan,PAK,2016,178032130
Pakistan,PAK,2017,218360750
Pakistan,PAK,2018,210347790
Pakistan,PAK,2019,207622380
Pakistan,PAK,2020,230754130
Pakistan,PAK,2021,247901340
Pakistan,PAK,2022,223834350
Pakistan,PAK,2023,200666690
Palau,PLW,2013,227168
Palau,PLW,2014,219840
Palau,PLW,2015,205184
Palau,PLW,2016,212512
Palau,PLW,2017,216176
Palau,PLW,2018,212512
Palau,PLW,2019,219840
Palau,PLW,2020,212512
Palau,PLW,2021,212512
Palau,PLW,2022,217599
Palau,PLW,2023,222330
Palestine,PSE,2013,2436560
Palestine,PSE,2014,2835936
Palestine,PSE,2015,3004480
Palestine,PSE,2016,3231648
Palestine,PSE,2017,3268288
Palestine,PSE,2018,2956848
Palestine,PSE,2019,3264624
Palestine,PSE,2020,3326912
Palestine,PSE,2021,3634688
Palestine,PSE,2022,3515648
Palestine,PSE,2023,3496897
Panama,PAN,2013,10513283
Panama,PAN,2014,10855411
Panama,PAN,2015,10788440
Panama,PAN,2016,10438870
Panama,PAN,2017,9816146
Panama,PAN,2018,9502918
Panama,PAN,2019,13127958
Panama,PAN,2020,7250249
Panama,PAN,2021,10540848
Panama,PAN,2022,11355507
Panama,PAN,2023,14018338
Papua New Guinea,PNG,2013,4531816
Papua New Guinea,PNG,2014,6121226
Papua New Guinea,PNG,2015,6323459
Papua New Guinea,PNG,2016,7027736
Papua New Guinea,PNG,2017,6546474
Papua New Guinea,PNG,2018,7592244
Papua New Guinea,PNG,2019,7985714
Papua New Guinea,PNG,2020,7866748
Papua New Guinea,PNG,2021,8129648
Papua New Guinea,PNG,2022,8200596
Papua New Guinea,PNG,2023,8322015
Paraguay,PRY,2013,5172147
Paraguay,PRY,2014,5458230
Paraguay,PRY,2015,6051014
Paraguay,PRY,2016,7193354
Paraguay,PRY,2017,7932479
Paraguay,PRY,2018,8400778
Paraguay,PRY,2019,8133305.5
Paraguay,PRY,2020,7377445
Paraguay,PRY,2021,8133305.5
Paraguay,PRY,2022,8107423
Paraguay,PRY,2023,8139286
Peru,PER,2013,43023884
Peru,PER,2014,49388348
Peru,PER,2015,49227884
Peru,PER,2016,52732748
Peru,PER,2017,54858950
Peru,PER,2018,55848252
Peru,PER,2019,58365044
Peru,PER,2020,46924612
Peru,PER,2021,52016748
Peru,PER,2022,54792984
Peru,PER,2023,55863636
Philippines,PHL,2013,95519224
Philippines,PHL,2014,100784104
Philippines,PHL,2015,111851910
Philippines,PHL,2016,120986664
Philippines,PHL,2017,134446600
Philippines,PHL,2018,140785020
Philippines,PHL,2019,143525810
Philippines,PHL,2020,132232070
Philippines,PHL,2021,141174030
Philippines,PHL,2022,144897800
Philippines,PHL,2023,154578660
Poland,POL,2013,321927230
Poland,POL,2014,309596260
Poland,POL,2015,312756260
Poland,POL,2016,323554940
Poland,POL,2017,336766880
Poland,POL,2018,336069400
Poland,POL,2019,317724830
Poland,POL,2020,302432700
Poland,POL,2021,330979420
Poland,POL,2022,315042270
Poland,POL,2023,289281540
Portugal,PRT,2013,48146190
Portugal,PRT,2014,47942320
Portugal,PRT,2015,52233044
Portugal,PRT,2016,50310916
Portugal,PRT,2017,55165156
Portugal,PRT,2018,51340316
Portugal,PRT,2019,47583116
Portugal,PRT,2020,41738252
Portugal,PRT,2021,40284110
Portugal,PRT,2022,40687052
Portugal,PRT,2023,37228136
Qatar,QAT,2013,82808080
Qatar,QAT,2014,91177600
Qatar,QAT,2015,91194280
Qatar,QAT,2016,87385144
Qatar,QAT,2017,100111260
Qatar,QAT,2018,95467470
Qatar,QAT,2019,101018984
Qatar,QAT,2020,102501230
Qatar,QAT,2021,104244050
Qatar,QAT,2022,106151890
Qatar,QAT,2023,115711816
Romania,ROU,2013,78597820
Romania,ROU,2014,79092620
Romania,ROU,2015,77807810
Romania,ROU,2016,76312184
Romania,ROU,2017,79158200
Romania,ROU,2018,79639170
Romania,ROU,2019,76457096
Romania,ROU,2020,73710180
Romania,ROU,2021,77270420
Romania,ROU,2022,72992770
Romania,ROU,2023,68239480
Russia,RUS,2013,1640437400
Russia,RUS,2014,1639959200
Russia,RUS,2015,1638675300
Russia,RUS,2016,1634885000
Russia,RUS,2017,1666121200
Russia,RUS,2018,1712494300
Russia,RUS,2019,1705030900
Russia,RUS,2020,1632929300
Russia,RUS,2021,1711993300
Russia,RUS,2022,1802190000
Russia,RUS,2023,1815924700
Rwanda,RWA,2013,782275
Rwanda,RWA,2014,829804
Rwanda,RWA,2015,970183
Rwanda,RWA,2016,1048333.06
Rwanda,RWA,2017,1155068
Rwanda,RWA,2018,1287400
Rwanda,RWA,2019,1372734
Rwanda,RWA,2020,1371813
Rwanda,RWA,2021,1658745
Rwanda,RWA,2022,1540754
Rwanda,RWA,2023,1540220
Ryukyu Islands (GCP),,2013,0
Ryukyu Islands (GCP),,2014,0
Ryukyu Islands (GCP),,2015,0
Ryukyu Islands (GCP),,2016,0
Ryukyu Islands (GCP),,2017,0
Ryukyu Islands (GCP),,2018,0
Ryukyu Islands (GCP),,2019,0
Ryukyu Islands (GCP),,2020,0
Ryukyu Islands (GCP),,2021,0
Ryukyu Islands (GCP),,2022,0
Ryukyu Islands (GCP),,2023,0
Saint Helena,SHN,2013,10992
Saint Helena,SHN,2014,10992
Saint Helena,SHN,2015,10992
Saint Helena,SHN,2016,14656
Saint Helena,SHN,2017,10992
Saint Helena,SHN,2018,10992
Saint Helena,SHN,2019,14656
Saint Helena,SHN,2020,10992
Saint Helena,SHN,2021,10992
Saint Helena,SHN,2022,10657
Saint Helena,SHN,2023,11118
Saint Kitts and Nevis,KNA,2013,223504
Saint Kitts and Nevis,KNA,2014,230832
Saint Kitts and Nevis,KNA,2015,234496
Saint Kitts and Nevis,KNA,2016,238160
Saint Kitts and Nevis,KNA,2017,241824
Saint Kitts and Nevis,KNA,2018,245488
Saint Kitts and Nevis,KNA,2019,252815.98
Saint Kitts and Nevis,KNA,2020,230832
Saint Kitts and Nevis,KNA,2021,230832
Saint Kitts and Nevis,KNA,2022,223800
Saint Kitts and Nevis,KNA,2023,233472
Saint Lucia,LCA,2013,487312
Saint Lucia,LCA,2014,483648
Saint Lucia,LCA,2015,479984
Saint Lucia,LCA,2016,476320
Saint Lucia,LCA,2017,490976
Saint Lucia,LCA,2018,509296
Saint Lucia,LCA,2019,501968.03
Saint Lucia,LCA,2020,483648
Saint Lucia,LCA,2021,505631.97
Saint Lucia,LCA,2022,490229
Saint Lucia,LCA,2023,511414
Saint Pierre and Miquelon,SPM,2013,65952
Saint Pierre and Miquelon,SPM,2014,65952
Saint Pierre and Miquelon,SPM,2015,65952
Saint Pierre and Miquelon,SPM,2016,65952
Saint Pierre and Miquelon,SPM,2017,65952
Saint Pierre and Miquelon,SPM,2018,58624
Saint Pierre and Miquelon,SPM,2019,65952
Saint Pierre and Miquelon,SPM,2020,62288
Saint Pierre and Miquelon,SPM,2021,54960
Saint Pierre and Miquelon,SPM,2022,53286
Saint Pierre and Miquelon,SPM,2023,55588
Saint Vincent and the Grenadines,VCT,2013,219840
Saint Vincent and the Grenadines,VCT,2014,252815.98
Saint Vincent and the Grenadines,VCT,2015,234496
Saint Vincent and the Grenadines,VCT,2016,241824
Saint Vincent and the Grenadines,VCT,2017,216176
Saint Vincent and the Grenadines,VCT,2018,241824
Saint Vincent and the Grenadines,VCT,2019,223504
Saint Vincent and the Grenadines,VCT,2020,238160
Saint Vincent and the Grenadines,VCT,2021,234496
Saint Vincent and the Grenadines,VCT,2022,227353
Saint Vincent and the Grenadines,VCT,2023,237178
Samoa,WSM,2013,194192
Samoa,WSM,2014,201520
Samoa,WSM,2015,227168
Samoa,WSM,2016,238160
Samoa,WSM,2017,245488
Samoa,WSM,2018,238160
Samoa,WSM,2019,271136
Samoa,WSM,2020,241824
Samoa,WSM,2021,245488
Samoa,WSM,2022,251365
Samoa,WSM,2023,256830
Sao Tome and Principe,STP,2013,109920
Sao Tome and Principe,STP,2014,128240.01
Sao Tome and Principe,STP,2015,135568
Sao Tome and Principe,STP,2016,150224
Sao Tome and Principe,STP,2017,139232
Sao Tome and Principe,STP,2018,139232
Sao Tome and Principe,STP,2019,142896
Sao Tome and Principe,STP,2020,139232
Sao Tome and Principe,STP,2021,142896
Sao Tome and Principe,STP,2022,159855
Sao Tome and Principe,STP,2023,166171
Saudi Arabia,SAU,2013,583611460
Saudi Arabia,SAU,2014,585567700
Saudi Arabia,SAU,2015,624999300
Saudi Arabia,SAU,2016,641661600
Saudi Arabia,SAU,2017,613685500
Saudi Arabia,SAU,2018,637487100
Saudi Arabia,SAU,2019,657587840
Saudi Arabia,SAU,2020,616085760
Saudi Arabia,SAU,2021,695841900
Saudi Arabia,SAU,2022,723331400
Saudi Arabia,SAU,2023,736205300
Senegal,SEN,2013,7852669
Senegal,SEN,2014,8724360
Senegal,SEN,2015,9845416
Senegal,SEN,2016,10015698
Senegal,SEN,2017,10760131
Senegal,SEN,2018,11330392
Senegal,SEN,2019,12713010
Senegal,SEN,2020,10820952
Senegal,SEN,2021,12309421
Senegal,SEN,2022,12274718
Senegal,SEN,2023,11900644
Serbia,SRB,2013,44569116
Serbia,SRB,2014,37207988
Serbia,SRB,2015,43777364
Serbia,SRB,2016,45043436
Serbia,SRB,2017,45529550
Serbia,SRB,2018,44320356
Serbia,SRB,2019,44278484
Serbia,SRB,2020,45169760
Serbia,SRB,2021,43683996
Serbia,SRB,2022,43516788
Serbia,SRB,2023,42357788
Seychelles,SYC,2013,414032
Seychelles,SYC,2014,458000
Seychelles,SYC,2015,498304
Seychelles,SYC,2016,553264
Seychelles,SYC,2017,575248
Seychelles,SYC,2018,600896
Seychelles,SYC,2019,593568
Seychelles,SYC,2020,597232
Seychelles,SYC,2021,611888
Seychelles,SYC,2022,553698
Seychelles,SYC,2023,551015
Sierra Leone,SLE,2013,1047904
Sierra Leone,SLE,2014,1128512
Sierra Leone,SLE,2015,1084544
Sierra Leone,SLE,2016,1142807
Sierra Leone,SLE,2017,1088208
Sierra Leone,SLE,2018,1025920.06
Sierra Leone,SLE,2019,1003936.06
Sierra Leone,SLE,2020,1025920.06
Sierra Leone,SLE,2021,1256752
Sierra Leone,SLE,2022,1277560
Sierra Leone,SLE,2023,1231506
Singapore,SGP,2013,47000000
Singapore,SGP,2014,47600000
Singapore,SGP,2015,49400000
Singapore,SGP,2016,49100000
Singapore,SGP,2017,50100000
Singapore,SGP,2018,50300000
Singapore,SGP,2019,49000000
Singapore,SGP,2020,46700000
Singapore,SGP,2021,50100000
Singapore,SGP,2022,47872730
Singapore,SGP,2023,49252784
Sint Maarten (Dutch part),SXM,2013,714480
Sint Maarten (Dutch part),SXM,2014,725472
Sint Maarten (Dutch part),SXM,2015,743792
Sint Maarten (Dutch part),SXM,2016,743792
Sint Maarten (Dutch part),SXM,2017,707152
Sint Maarten (Dutch part),SXM,2018,688832
Sint Maarten (Dutch part),SXM,2019,688832
Sint Maarten (Dutch part),SXM,2020,652192
Sint Maarten (Dutch part),SXM,2021,685168
Sint Maarten (Dutch part),SXM,2022,664296
Sint Maarten (Dutch part),SXM,2023,693003
Slovakia,SVK,2013,35623260
Slovakia,SVK,2014,33708176
Slovakia,SVK,2015,34528190
Slovakia,SVK,2016,34962804
Slovakia,SVK,2017,36166716
Slovakia,SVK,2018,36159864
Slovakia,SVK,2019,33831316
Slovakia,SVK,2020,31154222
Slovakia,SVK,2021,35215996
Slovakia,SVK,2022,31550242
Slovakia,SVK,2023,30739160
Slovenia,SVN,2013,15128262
Slovenia,SVN,2014,13561308
Slovenia,SVN,2015,13645487
Slovenia,SVN,2016,14458367
Slovenia,SVN,2017,14616684
Slovenia,SVN,2018,14519869
Slovenia,SVN,2019,14039440
Slovenia,SVN,2020,12854909
Slovenia,SVN,2021,13058881
Slovenia,SVN,2022,12701291
Slovenia,SVN,2023,11328390
Solomon Islands,SLB,2013,373728
Solomon Islands,SLB,2014,329760
Solomon Islands,SLB,2015,293120
Solomon Islands,SLB,2016,289456
Solomon Islands,SLB,2017,285792
Solomon Islands,SLB,2018,289456
Solomon Islands,SLB,2019,293120
Solomon Islands,SLB,2020,289456
Solomon Islands,SLB,2021,289456
Solomon Islands,SLB,2022,296385
Solomon Islands,SLB,2023,302829
Somalia,SOM,2013,630208
Somalia,SOM,2014,630208
Somalia,SOM,2015,630208
Somalia,SOM,2016,637536
Somalia,SOM,2017,637536
Somalia,SOM,2018,637536
Somalia,SOM,2019,637536
Somalia,SOM,2020,597232
Somalia,SOM,2021,619216
Somalia,SOM,2022,560329
Somalia,SOM,2023,557614
South Africa,ZAF,2013,458646560
South Africa,ZAF,2014,471964900
South Africa,ZAF,2015,446349280
South Africa,ZAF,2016,457090050
South Africa,ZAF,2017,439995650
South Africa,ZAF,2018,434581300
South Africa,ZAF,2019,464113900
South Africa,ZAF,2020,434066530
South Africa,ZAF,2021,425917900
South Africa,ZAF,2022,405311740
South Africa,ZAF,2023,401893100
South America,,2013,1208385700
South America,,2014,1224245800
South America,,2015,1195139100
South America,,2016,1146173800
South America,,2017,1130036400
South America,,2018,1077709600
South America,,2019,1084625800
South America,,2020,979441100
South America,,2021,1079731200
South America,,2022,1096152800
South America,,2023,1108965000
South America (GCP),,2013,1186175100
South America (GCP),,2014,1204330800
South America (GCP),,2015,1170519300
South America (GCP),,2016,1129547500
South America (GCP),,2017,1117434400
South America (GCP),,2018,1047677100
South America (GCP),,2019,1044412300
South America (GCP),,2020,940509500
South America (GCP),,2021,1048392960
South America (GCP),,2022,1065584500
South America (GCP),,2023,1074840400
South Korea,KOR,2013,634580700
South Korea,KOR,2014,629366460
South Korea,KOR,2015,634177300
South Korea,KOR,2016,637914050
South Korea,KOR,2017,654537300
South Korea,KOR,2018,670168700
South Korea,KOR,2019,646102200
South Korea,KOR,2020,597634300
South Korea,KOR,2021,616075000
South Korea,KOR,2022,602092400
South Korea,KOR,2023,577416640
South Sudan,SSD,2013,1443616
South Sudan,SSD,2014,1498576
South Sudan,SSD,2015,1912608
South Sudan,SSD,2016,1703760
South Sudan,SSD,2017,1454608
South Sudan,SSD,2018,1736736
South Sudan,SSD,2019,1780704
South Sudan,SSD,2020,1692768
South Sudan,SSD,2021,1755056
South Sudan,SSD,2022,1588152
South Sudan,SSD,2023,1580456
Spain,ESP,2013,251941740
Spain,ESP,2014,254181220
Spain,ESP,2015,270740220
Spain,ESP,2016,259624910
Spain,ESP,2017,273579840
Spain,ESP,2018,268589920
Spain,ESP,2019,250596060
Spain,ESP,2020,211842610
Spain,ESP,2021,229069380
Spain,ESP,2022,234657020
Spain,ESP,2023,221615650
Sri Lanka,LKA,2013,14510512
Sri Lanka,LKA,2014,17420012
Sri Lanka,LKA,2015,19687388
Sri Lanka,LKA,2016,22986968
Sri Lanka,LKA,2017,22872902
Sri Lanka,LKA,2018,20096860
Sri Lanka,LKA,2019,21235596
Sri Lanka,LKA,2020,20624930
Sri Lanka,LKA,2021,23015166
Sri Lanka,LKA,2022,19903072
Sri Lanka,LKA,2023,20317522
Sudan,SDN,2013,17374260
Sudan,SDN,2014,13094856
Sudan,SDN,2015,14246501
Sudan,SDN,2016,19733288
Sudan,SDN,2017,20309830
Sudan,SDN,2018,20515954
Sudan,SDN,2019,21640606
Sudan,SDN,2020,21165178
Sudan,SDN,2021,22218356
Sudan,SDN,2022,20240120
Sudan,SDN,2023,20001454
Suriname,SUR,2013,3147388
Suriname,SUR,2014,3200660
Suriname,SUR,2015,2713354
Suriname,SUR,2016,2920766
Suriname,SUR,2017,2426406
Suriname,SUR,2018,2089318
Suriname,SUR,2019,2635786
Suriname,SUR,2020,2917967
Suriname,SUR,2021,2643140
Suriname,SUR,2022,2639782
Suriname,SUR,2023,2647446
Sweden,SWE,2013,45201720
Sweden,SWE,2014,43472692
Sweden,SWE,2015,43418144
Sweden,SWE,2016,43413624
Sweden,SWE,2017,42438436
Sweden,SWE,2018,42058476
Sweden,SWE,2019,40833570
Sweden,SWE,2020,36702516
Sweden,SWE,2021,38633692
Sweden,SWE,2022,37474410
Sweden,SWE,2023,36556280
Switzerland,CHE,2013,43171428
Switzerland,CHE,2014,39221056
Switzerland,CHE,2015,38718970
Switzerland,CHE,2016,39172084
Switzerland,CHE,2017,38164800
Switzerland,CHE,2018,36859040
Switzerland,CHE,2019,36720796
Switzerland,CHE,2020,34228228
Switzerland,CHE,2021,35779836
Switzerland,CHE,2022,32818890
Switzerland,CHE,2023,32737300
Syria,SYR,2013,34042910
Syria,SYR,2014,30943050
Syria,SYR,2015,28603202
Syria,SYR,2016,26947024
Syria,SYR,2017,31590732
Syria,SYR,2018,29376484
Syria,SYR,2019,27402032
Syria,SYR,2020,26312742
Syria,SYR,2021,26034452
Syria,SYR,2022,25313814
Syria,SYR,2023,25503272
Taiwan,TWN,2013,274576000
Taiwan,TWN,2014,276960000
Taiwan,TWN,2015,276263000
Taiwan,TWN,2016,280188000
Taiwan,TWN,2017,285730020
Taiwan,TWN,2018,283897000
Taiwan,TWN,2019,274445000
Taiwan,TWN,2020,272202200
Taiwan,TWN,2021,283570900
Taiwan,TWN,2022,273668830
Taiwan,TWN,2023,261152590
Tajikistan,TJK,2013,2906893
Tajikistan,TJK,2014,4600122
Tajikistan,TJK,2015,5302282
Tajikistan,TJK,2016,5692501
Tajikistan,TJK,2017,6858048
Tajikistan,TJK,2018,8060483
Tajikistan,TJK,2019,8691883
Tajikistan,TJK,2020,9404472
Tajikistan,TJK,2021,9227823
Tajikistan,TJK,2022,8965943
Tajikistan,TJK,2023,9054525
Tanzania,TZA,2013,11273457
Tanzania,TZA,2014,11085741
Tanzania,TZA,2015,12910543
Tanzania,TZA,2016,13647127
Tanzania,TZA,2017,13681591
Tanzania,TZA,2018,14410429
Tanzania,TZA,2019,16377151
Tanzania,TZA,2020,16250422
Tanzania,TZA,2021,18266576
Tanzania,TZA,2022,17735866
Tanzania,TZA,2023,18066046
Thailand,THA,2013,263753500
Thailand,THA,2014,272487650
Thailand,THA,2015,277098720
Thailand,THA,2016,284045470
Thailand,THA,2017,283347620
Thailand,THA,2018,288304900
Thailand,THA,2019,281877440
Thailand,THA,2020,271923300
Thailand,THA,2021,267141810
Thailand,THA,2022,272573380
Thailand,THA,2023,264388640
Togo,TGO,2013,1642552
Togo,TGO,2014,1541898
Togo,TGO,2015,1863341
Togo,TGO,2016,2311978
Togo,TGO,2017,1991390
Togo,TGO,2018,2124885
Togo,TGO,2019,2318589
Togo,TGO,2020,2438790
Togo,TGO,2021,2670490
Togo,TGO,2022,2682336
Togo,TGO,2023,2620035
Tonga,TON,2013,113584
Tonga,TON,2014,113584
Tonga,TON,2015,117248
Tonga,TON,2016,124576
Tonga,TON,2017,135568
Tonga,TON,2018,135568
Tonga,TON,2019,161216
Tonga,TON,2020,183200
Tonga,TON,2021,190528
Tonga,TON,2022,195089
Tonga,TON,2023,199331
Trinidad and Tobago,TTO,2013,45823650
Trinidad and Tobago,TTO,2014,46891730
Trinidad and Tobago,TTO,2015,45559680
Trinidad and Tobago,TTO,2016,39893100
Trinidad and Tobago,TTO,2017,40318100
Trinidad and Tobago,TTO,2018,40324468
Trinidad and Tobago,TTO,2019,40782852
Trinidad and Tobago,TTO,2020,35066304
Trinidad and Tobago,TTO,2021,36413136
Trinidad and Tobago,TTO,2022,36305908
Trinidad and Tobago,TTO,2023,34317936
Tunisia,TUN,2013,28333024
Tunisia,TUN,2014,29692148
Tunisia,TUN,2015,31418044
Tunisia,TUN,2016,30594954
Tunisia,TUN,2017,31271654
Tunisia,TUN,2018,31134054
Tunisia,TUN,2019,30353440
Tunisia,TUN,2020,28490226
Tunisia,TUN,2021,31166850
Tunisia,TUN,2022,31947590
Tunisia,TUN,2023,32792874
Turkey,TUR,2013,347331740
Turkey,TUR,2014,364028300
Turkey,TUR,2015,384929660
Turkey,TUR,2016,405950200
Turkey,TUR,2017,430900860
Turkey,TUR,2018,422058620
Turkey,TUR,2019,402692260
Turkey,TUR,2020,412926880
Turkey,TUR,2021,452702800
Turkey,TUR,2022,437305340
Turkey,TUR,2023,432077340
Turkmenistan,TKM,2013,64339644
Turkmenistan,TKM,2014,62799344
Turkmenistan,TKM,2015,64322776
Turkmenistan,TKM,2016,63490284
Turkmenistan,TKM,2017,63440224
Turkmenistan,TKM,2018,62756268
Turkmenistan,TKM,2019,63177750
Turkmenistan,TKM,2020,64260420
Turkmenistan,TKM,2021,63434730
Turkmenistan,TKM,2022,64154412
Turkmenistan,TKM,2023,63362624
Turks and Caicos Islands,TCA,2013,285792
Turks and Caicos Islands,TCA,2014,307776
Turks and Caicos Islands,TCA,2015,311440
Turks and Caicos Islands,TCA,2016,329760
Turks and Caicos Islands,TCA,2017,351744
Turks and Caicos Islands,TCA,2018,362736
Turks and Caicos Islands,TCA,2019,362736
Turks and Caicos Islands,TCA,2020,359072
Turks and Caicos Islands,TCA,2021,366400
Turks and Caicos Islands,TCA,2022,355238
Turks and Caicos Islands,TCA,2023,370590
Tuvalu,TUV,2013,10992
Tuvalu,TUV,2014,10992
Tuvalu,TUV,2015,10992
Tuvalu,TUV,2016,10992
Tuvalu,TUV,2017,10992
Tuvalu,TUV,2018,10992
Tuvalu,TUV,2019,10992
Tuvalu,TUV,2020,10992
Tuvalu,TUV,2021,10992
Tuvalu,TUV,2022,11255
Tuvalu,TUV,2023,11500
Uganda,UGA,2013,3754530
Uganda,UGA,2014,4089666
Uganda,UGA,2015,4525570
Uganda,UGA,2016,4817419
Uganda,UGA,2017,5409269
Uganda,UGA,2018,5549236
Uganda,UGA,2019,5761237
Uganda,UGA,2020,5571384
Uganda,UGA,2021,6167196
Uganda,UGA,2022,5637932
Uganda,UGA,2023,5613657
Ukraine,UKR,2013,297479000
Ukraine,UKR,2014,257639000
Ukraine,UKR,2015,223787570
Ukraine,UKR,2016,233961020
Ukraine,UKR,2017,223080820
Ukraine,UKR,2018,231663820
Ukraine,UKR,2019,221943170
Ukraine,UKR,2020,206823860
Ukraine,UKR,2021,210153310
Ukraine,UKR,2022,141126370
Ukraine,UKR,2023,136460590
United Arab Emirates,ARE,2013,213335140
United Arab Emirates,ARE,2014,209979540
United Arab Emirates,ARE,2015,225683630
United Arab Emirates,ARE,2016,226604720
United Arab Emirates,ARE,2017,212913220
United Arab Emirates,ARE,2018,209702220
United Arab Emirates,ARE,2019,219775680
United Arab Emirates,ARE,2020,217379580
United Arab Emirates,ARE,2021,216231700
United Arab Emirates,ARE,2022,225977250
United Arab Emirates,ARE,2023,229383650
United Kingdom,GBR,2013,477611260
United Kingdom,GBR,2014,438807070
United Kingdom,GBR,2015,422460800
United Kingdom,GBR,2016,399430140
United Kingdom,GBR,2017,387367140
United Kingdom,GBR,2018,379729760
United Kingdom,GBR,2019,364753280
United Kingdom,GBR,2020,326263200
United Kingdom,GBR,2021,344510080
United Kingdom,GBR,2022,313834780
United Kingdom,GBR,2023,305146340
United States,USA,2013,5480156700
United States,USA,2014,5528681000
United States,USA,2015,5376473000
United States,USA,2016,5252932000
United States,USA,2017,5212162000
United States,USA,2018,5377797000
United States,USA,2019,5262145000
United States,USA,2020,4714628000
United States,USA,2021,5032213000
United States,USA,2022,5078871000
United States,USA,2023,4911391000
Upper-middle-income countries,,2013,15276198000
Upper-middle-income countries,,2014,15373059000
Upper-middle-income countries,,2015,15227754000
Upper-middle-income countries,,2016,15141622000
Upper-middle-income countries,,2017,15479511000
Upper-middle-income countries,,2018,15855511000
Upper-middle-income countries,,2019,16352597000
Upper-middle-income countries,,2020,16202027000
Upper-middle-income countries,,2021,16980641000
Upper-middle-income countries,,2022,16989540000
Upper-middle-income countries,,2023,17581070000
Uruguay,URY,2013,7488709
Uruguay,URY,2014,6680659
Uruguay,URY,2015,6738362
Uruguay,URY,2016,6517564
Uruguay,URY,2017,6158909
Uruguay,URY,2018,6567306
Uruguay,URY,2019,6409332
Uruguay,URY,2020,6473680
Uruguay,URY,2021,7833110
Uruguay,URY,2022,7819847
Uruguay,URY,2023,7865945
Uzbekistan,UZB,2013,112285544
Uzbekistan,UZB,2014,107399550
Uzbekistan,UZB,2015,103695920
Uzbekistan,UZB,2016,110139016
Uzbekistan,UZB,2017,108930904
Uzbekistan,UZB,2018,102288104
Uzbekistan,UZB,2019,108429110
Uzbekistan,UZB,2020,109631970
Uzbekistan,UZB,2021,120240860
Uzbekistan,UZB,2022,125038820
Uzbekistan,UZB,2023,124768440
Vanuatu,VUT,2013,109920
Vanuatu,VUT,2014,157552
Vanuatu,VUT,2015,135568
Vanuatu,VUT,2016,150224
Vanuatu,VUT,2017,142896
Vanuatu,VUT,2018,179536
Vanuatu,VUT,2019,164880
Vanuatu,VUT,2020,201520
Vanuatu,VUT,2021,216176
Vanuatu,VUT,2022,221351
Vanuatu,VUT,2023,226164
Venezuela,VEN,2013,198427040
Venezuela,VEN,2014,175961380
Venezuela,VEN,2015,166300110
Venezuela,VEN,2016,152711410
Venezuela,VEN,2017,139073280
Venezuela,VEN,2018,111225310
Venezuela,VEN,2019,105286760
Venezuela,VEN,2020,80927096
Venezuela,VEN,2021,78459940
Venezuela,VEN,2022,87514590
Venezuela,VEN,2023,99568900
Vietnam,VNM,2013,151438030
Vietnam,VNM,2014,179970580
Vietnam,VNM,2015,213310700
Vietnam,VNM,2016,220979920
Vietnam,VNM,2017,227613180
Vietnam,VNM,2018,255318700
Vietnam,VNM,2019,339146980
Vietnam,VNM,2020,362459620
Vietnam,VNM,2021,313972580
Vietnam,VNM,2022,297633860
Vietnam,VNM,2023,334726080
Wallis and Futuna,WLF,2013,21984
Wallis and Futuna,WLF,2014,21984
Wallis and Futuna,WLF,2015,21984
Wallis and Futuna,WLF,2016,25648
Wallis and Futuna,WLF,2017,25648
Wallis and Futuna,WLF,2018,25648
Wallis and Futuna,WLF,2019,25648
Wallis and Futuna,WLF,2020,25648
Wallis and Futuna,WLF,2021,29312
Wallis and Futuna,WLF,2022,30014
Wallis and Futuna,WLF,2023,30666
World,OWID_WRL,2013,35301655000
World,OWID_WRL,2014,35450094000
World,OWID_WRL,2015,35404900000
World,OWID_WRL,2016,35416658000
World,OWID_WRL,2017,35989897000
World,OWID_WRL,2018,36730425000
World,OWID_WRL,2019,37104275000
World,OWID_WRL,2020,35126526000
World,OWID_WRL,2021,36991734000
World,OWID_WRL,2022,37293834000
World,OWID_WRL,2023,37791570000
Yemen,YEM,2013,27160398
Yemen,YEM,2014,26479750
Yemen,YEM,2015,14080447
Yemen,YEM,2016,10007103
Yemen,YEM,2017,9694605
Yemen,YEM,2018,11595367
Yemen,YEM,2019,11837194
Yemen,YEM,2020,10883986
Yemen,YEM,2021,10870608
Yemen,YEM,2022,10296142
Yemen,YEM,2023,10034892
Zambia,ZMB,2013,4416159
Zambia,ZMB,2014,4876557
Zambia,ZMB,2015,5064975
Zambia,ZMB,2016,5864282
Zambia,ZMB,2017,6850203
Zambia,ZMB,2018,7419369
Zambia,ZMB,2019,7750827
Zambia,ZMB,2020,8144346
Zambia,ZMB,2021,7785735
Zambia,ZMB,2022,7521782
Zambia,ZMB,2023,7748922
Zimbabwe,ZWE,2013,11671374
Zimbabwe,ZWE,2014,11946148
Zimbabwe,ZWE,2015,12016794
Zimbabwe,ZWE,2016,10581085
Zimbabwe,ZWE,2017,9826723
Zimbabwe,ZWE,2018,11205393
Zimbabwe,ZWE,2019,10262950
Zimbabwe,ZWE,2020,8494503
Zimbabwe,ZWE,2021,10203630
Zimbabwe,ZWE,2022,10424940
Zimbabwe,ZWE,2023,11164030